:0200000460009A
:100000004643464200000156000000000103030081
:1000100000000000000000000000000000000000E0
:1000200000000000000000000000000000000000D0
:1000300000000000000000000000000000000000C0
:1000400000000000010408000000000000000000A3
:100050000000200000000000000000000000000080
:100060000000000000000000000000000000000090
:100070000000000000000000000000000000000080
:10008000EB04180A063204260000000000000000FD
:10009000050404240000000000000000000000002F
:1000A0000000000000000000000000000000000050
:1000B0000604000000000000000000000000000036
:1000C0000000000000000000000000000000000030
:1000D00020041808000000000000000000000000DC
:1000E0000000000000000000000000000000000010
:1000F0000000000000000000000000000000000000
:10010000D8041808000000000000000000000000F3
:100110000204180804200000000000000000000095
:1001200000000000000000000000000000000000CF
:10013000600400000000000000000000000000005B
:1001400000000000000000000000000000000000AF
:10015000000000000000000000000000000000009F
:10016000000000000000000000000000000000008F
:10017000000000000000000000000000000000007F
:10018000000000000000000000000000000000006F
:10019000000000000000000000000000000000005F
:1001A000000000000000000000000000000000004F
:1001B000000000000000000000000000000000003F
:1001C000000100000010000001000000000000001D
:1001D000000001000000000000000000000000001E
:1001E000000000000000000000000000000000000F
:1001F00000000000000000000000000000000000FF
:10020000FFFFFFFFFFFFFFFFFFFFFFFFFFFFFFFFFE
:10021000FFFFFFFFFFFFFFFFFFFFFFFFFFFFFFFFEE
:10022000FFFFFFFFFFFFFFFFFFFFFFFFFFFFFFFFDE
:10023000FFFFFFFFFFFFFFFFFFFFFFFFFFFFFFFFCE
:10024000FFFFFFFFFFFFFFFFFFFFFFFFFFFFFFFFBE
:10025000FFFFFFFFFFFFFFFFFFFFFFFFFFFFFFFFAE
:10026000FFFFFFFFFFFFFFFFFFFFFFFFFFFFFFFF9E
:10027000FFFFFFFFFFFFFFFFFFFFFFFFFFFFFFFF8E
:10028000FFFFFFFFFFFFFFFFFFFFFFFFFFFFFFFF7E
:10029000FFFFFFFFFFFFFFFFFFFFFFFFFFFFFFFF6E
:1002A000FFFFFFFFFFFFFFFFFFFFFFFFFFFFFFFF5E
:1002B000FFFFFFFFFFFFFFFFFFFFFFFFFFFFFFFF4E
:1002C000FFFFFFFFFFFFFFFFFFFFFFFFFFFFFFFF3E
:1002D000FFFFFFFFFFFFFFFFFFFFFFFFFFFFFFFF2E
:1002E000FFFFFFFFFFFFFFFFFFFFFFFFFFFFFFFF1E
:1002F000FFFFFFFFFFFFFFFFFFFFFFFFFFFFFFFF0E
:10030000FFFFFFFFFFFFFFFFFFFFFFFFFFFFFFFFFD
:10031000FFFFFFFFFFFFFFFFFFFFFFFFFFFFFFFFED
:10032000FFFFFFFFFFFFFFFFFFFFFFFFFFFFFFFFDD
:10033000FFFFFFFFFFFFFFFFFFFFFFFFFFFFFFFFCD
:10034000FFFFFFFFFFFFFFFFFFFFFFFFFFFFFFFFBD
:10035000FFFFFFFFFFFFFFFFFFFFFFFFFFFFFFFFAD
:10036000FFFFFFFFFFFFFFFFFFFFFFFFFFFFFFFF9D
:10037000FFFFFFFFFFFFFFFFFFFFFFFFFFFFFFFF8D
:10038000FFFFFFFFFFFFFFFFFFFFFFFFFFFFFFFF7D
:10039000FFFFFFFFFFFFFFFFFFFFFFFFFFFFFFFF6D
:1003A000FFFFFFFFFFFFFFFFFFFFFFFFFFFFFFFF5D
:1003B000FFFFFFFFFFFFFFFFFFFFFFFFFFFFFFFF4D
:1003C000FFFFFFFFFFFFFFFFFFFFFFFFFFFFFFFF3D
:1003D000FFFFFFFFFFFFFFFFFFFFFFFFFFFFFFFF2D
:1003E000FFFFFFFFFFFFFFFFFFFFFFFFFFFFFFFF1D
:1003F000FFFFFFFFFFFFFFFFFFFFFFFFFFFFFFFF0D
:10040000FFFFFFFFFFFFFFFFFFFFFFFFFFFFFFFFFC
:10041000FFFFFFFFFFFFFFFFFFFFFFFFFFFFFFFFEC
:10042000FFFFFFFFFFFFFFFFFFFFFFFFFFFFFFFFDC
:10043000FFFFFFFFFFFFFFFFFFFFFFFFFFFFFFFFCC
:10044000FFFFFFFFFFFFFFFFFFFFFFFFFFFFFFFFBC
:10045000FFFFFFFFFFFFFFFFFFFFFFFFFFFFFFFFAC
:10046000FFFFFFFFFFFFFFFFFFFFFFFFFFFFFFFF9C
:10047000FFFFFFFFFFFFFFFFFFFFFFFFFFFFFFFF8C
:10048000FFFFFFFFFFFFFFFFFFFFFFFFFFFFFFFF7C
:10049000FFFFFFFFFFFFFFFFFFFFFFFFFFFFFFFF6C
:1004A000FFFFFFFFFFFFFFFFFFFFFFFFFFFFFFFF5C
:1004B000FFFFFFFFFFFFFFFFFFFFFFFFFFFFFFFF4C
:1004C000FFFFFFFFFFFFFFFFFFFFFFFFFFFFFFFF3C
:1004D000FFFFFFFFFFFFFFFFFFFFFFFFFFFFFFFF2C
:1004E000FFFFFFFFFFFFFFFFFFFFFFFFFFFFFFFF1C
:1004F000FFFFFFFFFFFFFFFFFFFFFFFFFFFFFFFF0C
:10050000FFFFFFFFFFFFFFFFFFFFFFFFFFFFFFFFFB
:10051000FFFFFFFFFFFFFFFFFFFFFFFFFFFFFFFFEB
:10052000FFFFFFFFFFFFFFFFFFFFFFFFFFFFFFFFDB
:10053000FFFFFFFFFFFFFFFFFFFFFFFFFFFFFFFFCB
:10054000FFFFFFFFFFFFFFFFFFFFFFFFFFFFFFFFBB
:10055000FFFFFFFFFFFFFFFFFFFFFFFFFFFFFFFFAB
:10056000FFFFFFFFFFFFFFFFFFFFFFFFFFFFFFFF9B
:10057000FFFFFFFFFFFFFFFFFFFFFFFFFFFFFFFF8B
:10058000FFFFFFFFFFFFFFFFFFFFFFFFFFFFFFFF7B
:10059000FFFFFFFFFFFFFFFFFFFFFFFFFFFFFFFF6B
:1005A000FFFFFFFFFFFFFFFFFFFFFFFFFFFFFFFF5B
:1005B000FFFFFFFFFFFFFFFFFFFFFFFFFFFFFFFF4B
:1005C000FFFFFFFFFFFFFFFFFFFFFFFFFFFFFFFF3B
:1005D000FFFFFFFFFFFFFFFFFFFFFFFFFFFFFFFF2B
:1005E000FFFFFFFFFFFFFFFFFFFFFFFFFFFFFFFF1B
:1005F000FFFFFFFFFFFFFFFFFFFFFFFFFFFFFFFF0B
:10060000FFFFFFFFFFFFFFFFFFFFFFFFFFFFFFFFFA
:10061000FFFFFFFFFFFFFFFFFFFFFFFFFFFFFFFFEA
:10062000FFFFFFFFFFFFFFFFFFFFFFFFFFFFFFFFDA
:10063000FFFFFFFFFFFFFFFFFFFFFFFFFFFFFFFFCA
:10064000FFFFFFFFFFFFFFFFFFFFFFFFFFFFFFFFBA
:10065000FFFFFFFFFFFFFFFFFFFFFFFFFFFFFFFFAA
:10066000FFFFFFFFFFFFFFFFFFFFFFFFFFFFFFFF9A
:10067000FFFFFFFFFFFFFFFFFFFFFFFFFFFFFFFF8A
:10068000FFFFFFFFFFFFFFFFFFFFFFFFFFFFFFFF7A
:10069000FFFFFFFFFFFFFFFFFFFFFFFFFFFFFFFF6A
:1006A000FFFFFFFFFFFFFFFFFFFFFFFFFFFFFFFF5A
:1006B000FFFFFFFFFFFFFFFFFFFFFFFFFFFFFFFF4A
:1006C000FFFFFFFFFFFFFFFFFFFFFFFFFFFFFFFF3A
:1006D000FFFFFFFFFFFFFFFFFFFFFFFFFFFFFFFF2A
:1006E000FFFFFFFFFFFFFFFFFFFFFFFFFFFFFFFF1A
:1006F000FFFFFFFFFFFFFFFFFFFFFFFFFFFFFFFF0A
:10070000FFFFFFFFFFFFFFFFFFFFFFFFFFFFFFFFF9
:10071000FFFFFFFFFFFFFFFFFFFFFFFFFFFFFFFFE9
:10072000FFFFFFFFFFFFFFFFFFFFFFFFFFFFFFFFD9
:10073000FFFFFFFFFFFFFFFFFFFFFFFFFFFFFFFFC9
:10074000FFFFFFFFFFFFFFFFFFFFFFFFFFFFFFFFB9
:10075000FFFFFFFFFFFFFFFFFFFFFFFFFFFFFFFFA9
:10076000FFFFFFFFFFFFFFFFFFFFFFFFFFFFFFFF99
:10077000FFFFFFFFFFFFFFFFFFFFFFFFFFFFFFFF89
:10078000FFFFFFFFFFFFFFFFFFFFFFFFFFFFFFFF79
:10079000FFFFFFFFFFFFFFFFFFFFFFFFFFFFFFFF69
:1007A000FFFFFFFFFFFFFFFFFFFFFFFFFFFFFFFF59
:1007B000FFFFFFFFFFFFFFFFFFFFFFFFFFFFFFFF49
:1007C000FFFFFFFFFFFFFFFFFFFFFFFFFFFFFFFF39
:1007D000FFFFFFFFFFFFFFFFFFFFFFFFFFFFFFFF29
:1007E000FFFFFFFFFFFFFFFFFFFFFFFFFFFFFFFF19
:1007F000FFFFFFFFFFFFFFFFFFFFFFFFFFFFFFFF09
:10080000FFFFFFFFFFFFFFFFFFFFFFFFFFFFFFFFF8
:10081000FFFFFFFFFFFFFFFFFFFFFFFFFFFFFFFFE8
:10082000FFFFFFFFFFFFFFFFFFFFFFFFFFFFFFFFD8
:10083000FFFFFFFFFFFFFFFFFFFFFFFFFFFFFFFFC8
:10084000FFFFFFFFFFFFFFFFFFFFFFFFFFFFFFFFB8
:10085000FFFFFFFFFFFFFFFFFFFFFFFFFFFFFFFFA8
:10086000FFFFFFFFFFFFFFFFFFFFFFFFFFFFFFFF98
:10087000FFFFFFFFFFFFFFFFFFFFFFFFFFFFFFFF88
:10088000FFFFFFFFFFFFFFFFFFFFFFFFFFFFFFFF78
:10089000FFFFFFFFFFFFFFFFFFFFFFFFFFFFFFFF68
:1008A000FFFFFFFFFFFFFFFFFFFFFFFFFFFFFFFF58
:1008B000FFFFFFFFFFFFFFFFFFFFFFFFFFFFFFFF48
:1008C000FFFFFFFFFFFFFFFFFFFFFFFFFFFFFFFF38
:1008D000FFFFFFFFFFFFFFFFFFFFFFFFFFFFFFFF28
:1008E000FFFFFFFFFFFFFFFFFFFFFFFFFFFFFFFF18
:1008F000FFFFFFFFFFFFFFFFFFFFFFFFFFFFFFFF08
:10090000FFFFFFFFFFFFFFFFFFFFFFFFFFFFFFFFF7
:10091000FFFFFFFFFFFFFFFFFFFFFFFFFFFFFFFFE7
:10092000FFFFFFFFFFFFFFFFFFFFFFFFFFFFFFFFD7
:10093000FFFFFFFFFFFFFFFFFFFFFFFFFFFFFFFFC7
:10094000FFFFFFFFFFFFFFFFFFFFFFFFFFFFFFFFB7
:10095000FFFFFFFFFFFFFFFFFFFFFFFFFFFFFFFFA7
:10096000FFFFFFFFFFFFFFFFFFFFFFFFFFFFFFFF97
:10097000FFFFFFFFFFFFFFFFFFFFFFFFFFFFFFFF87
:10098000FFFFFFFFFFFFFFFFFFFFFFFFFFFFFFFF77
:10099000FFFFFFFFFFFFFFFFFFFFFFFFFFFFFFFF67
:1009A000FFFFFFFFFFFFFFFFFFFFFFFFFFFFFFFF57
:1009B000FFFFFFFFFFFFFFFFFFFFFFFFFFFFFFFF47
:1009C000FFFFFFFFFFFFFFFFFFFFFFFFFFFFFFFF37
:1009D000FFFFFFFFFFFFFFFFFFFFFFFFFFFFFFFF27
:1009E000FFFFFFFFFFFFFFFFFFFFFFFFFFFFFFFF17
:1009F000FFFFFFFFFFFFFFFFFFFFFFFFFFFFFFFF07
:100A0000FFFFFFFFFFFFFFFFFFFFFFFFFFFFFFFFF6
:100A1000FFFFFFFFFFFFFFFFFFFFFFFFFFFFFFFFE6
:100A2000FFFFFFFFFFFFFFFFFFFFFFFFFFFFFFFFD6
:100A3000FFFFFFFFFFFFFFFFFFFFFFFFFFFFFFFFC6
:100A4000FFFFFFFFFFFFFFFFFFFFFFFFFFFFFFFFB6
:100A5000FFFFFFFFFFFFFFFFFFFFFFFFFFFFFFFFA6
:100A6000FFFFFFFFFFFFFFFFFFFFFFFFFFFFFFFF96
:100A7000FFFFFFFFFFFFFFFFFFFFFFFFFFFFFFFF86
:100A8000FFFFFFFFFFFFFFFFFFFFFFFFFFFFFFFF76
:100A9000FFFFFFFFFFFFFFFFFFFFFFFFFFFFFFFF66
:100AA000FFFFFFFFFFFFFFFFFFFFFFFFFFFFFFFF56
:100AB000FFFFFFFFFFFFFFFFFFFFFFFFFFFFFFFF46
:100AC000FFFFFFFFFFFFFFFFFFFFFFFFFFFFFFFF36
:100AD000FFFFFFFFFFFFFFFFFFFFFFFFFFFFFFFF26
:100AE000FFFFFFFFFFFFFFFFFFFFFFFFFFFFFFFF16
:100AF000FFFFFFFFFFFFFFFFFFFFFFFFFFFFFFFF06
:100B0000FFFFFFFFFFFFFFFFFFFFFFFFFFFFFFFFF5
:100B1000FFFFFFFFFFFFFFFFFFFFFFFFFFFFFFFFE5
:100B2000FFFFFFFFFFFFFFFFFFFFFFFFFFFFFFFFD5
:100B3000FFFFFFFFFFFFFFFFFFFFFFFFFFFFFFFFC5
:100B4000FFFFFFFFFFFFFFFFFFFFFFFFFFFFFFFFB5
:100B5000FFFFFFFFFFFFFFFFFFFFFFFFFFFFFFFFA5
:100B6000FFFFFFFFFFFFFFFFFFFFFFFFFFFFFFFF95
:100B7000FFFFFFFFFFFFFFFFFFFFFFFFFFFFFFFF85
:100B8000FFFFFFFFFFFFFFFFFFFFFFFFFFFFFFFF75
:100B9000FFFFFFFFFFFFFFFFFFFFFFFFFFFFFFFF65
:100BA000FFFFFFFFFFFFFFFFFFFFFFFFFFFFFFFF55
:100BB000FFFFFFFFFFFFFFFFFFFFFFFFFFFFFFFF45
:100BC000FFFFFFFFFFFFFFFFFFFFFFFFFFFFFFFF35
:100BD000FFFFFFFFFFFFFFFFFFFFFFFFFFFFFFFF25
:100BE000FFFFFFFFFFFFFFFFFFFFFFFFFFFFFFFF15
:100BF000FFFFFFFFFFFFFFFFFFFFFFFFFFFFFFFF05
:100C0000FFFFFFFFFFFFFFFFFFFFFFFFFFFFFFFFF4
:100C1000FFFFFFFFFFFFFFFFFFFFFFFFFFFFFFFFE4
:100C2000FFFFFFFFFFFFFFFFFFFFFFFFFFFFFFFFD4
:100C3000FFFFFFFFFFFFFFFFFFFFFFFFFFFFFFFFC4
:100C4000FFFFFFFFFFFFFFFFFFFFFFFFFFFFFFFFB4
:100C5000FFFFFFFFFFFFFFFFFFFFFFFFFFFFFFFFA4
:100C6000FFFFFFFFFFFFFFFFFFFFFFFFFFFFFFFF94
:100C7000FFFFFFFFFFFFFFFFFFFFFFFFFFFFFFFF84
:100C8000FFFFFFFFFFFFFFFFFFFFFFFFFFFFFFFF74
:100C9000FFFFFFFFFFFFFFFFFFFFFFFFFFFFFFFF64
:100CA000FFFFFFFFFFFFFFFFFFFFFFFFFFFFFFFF54
:100CB000FFFFFFFFFFFFFFFFFFFFFFFFFFFFFFFF44
:100CC000FFFFFFFFFFFFFFFFFFFFFFFFFFFFFFFF34
:100CD000FFFFFFFFFFFFFFFFFFFFFFFFFFFFFFFF24
:100CE000FFFFFFFFFFFFFFFFFFFFFFFFFFFFFFFF14
:100CF000FFFFFFFFFFFFFFFFFFFFFFFFFFFFFFFF04
:100D0000FFFFFFFFFFFFFFFFFFFFFFFFFFFFFFFFF3
:100D1000FFFFFFFFFFFFFFFFFFFFFFFFFFFFFFFFE3
:100D2000FFFFFFFFFFFFFFFFFFFFFFFFFFFFFFFFD3
:100D3000FFFFFFFFFFFFFFFFFFFFFFFFFFFFFFFFC3
:100D4000FFFFFFFFFFFFFFFFFFFFFFFFFFFFFFFFB3
:100D5000FFFFFFFFFFFFFFFFFFFFFFFFFFFFFFFFA3
:100D6000FFFFFFFFFFFFFFFFFFFFFFFFFFFFFFFF93
:100D7000FFFFFFFFFFFFFFFFFFFFFFFFFFFFFFFF83
:100D8000FFFFFFFFFFFFFFFFFFFFFFFFFFFFFFFF73
:100D9000FFFFFFFFFFFFFFFFFFFFFFFFFFFFFFFF63
:100DA000FFFFFFFFFFFFFFFFFFFFFFFFFFFFFFFF53
:100DB000FFFFFFFFFFFFFFFFFFFFFFFFFFFFFFFF43
:100DC000FFFFFFFFFFFFFFFFFFFFFFFFFFFFFFFF33
:100DD000FFFFFFFFFFFFFFFFFFFFFFFFFFFFFFFF23
:100DE000FFFFFFFFFFFFFFFFFFFFFFFFFFFFFFFF13
:100DF000FFFFFFFFFFFFFFFFFFFFFFFFFFFFFFFF03
:100E0000FFFFFFFFFFFFFFFFFFFFFFFFFFFFFFFFF2
:100E1000FFFFFFFFFFFFFFFFFFFFFFFFFFFFFFFFE2
:100E2000FFFFFFFFFFFFFFFFFFFFFFFFFFFFFFFFD2
:100E3000FFFFFFFFFFFFFFFFFFFFFFFFFFFFFFFFC2
:100E4000FFFFFFFFFFFFFFFFFFFFFFFFFFFFFFFFB2
:100E5000FFFFFFFFFFFFFFFFFFFFFFFFFFFFFFFFA2
:100E6000FFFFFFFFFFFFFFFFFFFFFFFFFFFFFFFF92
:100E7000FFFFFFFFFFFFFFFFFFFFFFFFFFFFFFFF82
:100E8000FFFFFFFFFFFFFFFFFFFFFFFFFFFFFFFF72
:100E9000FFFFFFFFFFFFFFFFFFFFFFFFFFFFFFFF62
:100EA000FFFFFFFFFFFFFFFFFFFFFFFFFFFFFFFF52
:100EB000FFFFFFFFFFFFFFFFFFFFFFFFFFFFFFFF42
:100EC000FFFFFFFFFFFFFFFFFFFFFFFFFFFFFFFF32
:100ED000FFFFFFFFFFFFFFFFFFFFFFFFFFFFFFFF22
:100EE000FFFFFFFFFFFFFFFFFFFFFFFFFFFFFFFF12
:100EF000FFFFFFFFFFFFFFFFFFFFFFFFFFFFFFFF02
:100F0000FFFFFFFFFFFFFFFFFFFFFFFFFFFFFFFFF1
:100F1000FFFFFFFFFFFFFFFFFFFFFFFFFFFFFFFFE1
:100F2000FFFFFFFFFFFFFFFFFFFFFFFFFFFFFFFFD1
:100F3000FFFFFFFFFFFFFFFFFFFFFFFFFFFFFFFFC1
:100F4000FFFFFFFFFFFFFFFFFFFFFFFFFFFFFFFFB1
:100F5000FFFFFFFFFFFFFFFFFFFFFFFFFFFFFFFFA1
:100F6000FFFFFFFFFFFFFFFFFFFFFFFFFFFFFFFF91
:100F7000FFFFFFFFFFFFFFFFFFFFFFFFFFFFFFFF81
:100F8000FFFFFFFFFFFFFFFFFFFFFFFFFFFFFFFF71
:100F9000FFFFFFFFFFFFFFFFFFFFFFFFFFFFFFFF61
:100FA000FFFFFFFFFFFFFFFFFFFFFFFFFFFFFFFF51
:100FB000FFFFFFFFFFFFFFFFFFFFFFFFFFFFFFFF41
:100FC000FFFFFFFFFFFFFFFFFFFFFFFFFFFFFFFF31
:100FD000FFFFFFFFFFFFFFFFFFFFFFFFFFFFFFFF21
:100FE000FFFFFFFFFFFFFFFFFFFFFFFFFFFFFFFF11
:100FF000FFFFFFFFFFFFFFFFFFFFFFFFFFFFFFFF01
:10100000D1002043491600600000000000000000ED
:10101000201000600010006000B8006000000000B8
:101020000000006000C4000000000000FFFFFFFFA0
:10103000FFFFFFFFFFFFFFFFFFFFFFFFFFFFFFFFC0
:10104000FFFFFFFFFFFFFFFFFFFFFFFFFFFFFFFFB0
:10105000FFFFFFFFFFFFFFFFFFFFFFFFFFFFFFFFA0
:10106000FFFFFFFFFFFFFFFFFFFFFFFFFFFFFFFF90
:10107000FFFFFFFFFFFFFFFFFFFFFFFFFFFFFFFF80
:10108000FFFFFFFFFFFFFFFFFFFFFFFFFFFFFFFF70
:10109000FFFFFFFFFFFFFFFFFFFFFFFFFFFFFFFF60
:1010A000FFFFFFFFFFFFFFFFFFFFFFFFFFFFFFFF50
:1010B000FFFFFFFFFFFFFFFFFFFFFFFFFFFFFFFF40
:1010C000FFFFFFFFFFFFFFFFFFFFFFFFFFFFFFFF30
:1010D000FFFFFFFFFFFFFFFFFFFFFFFFFFFFFFFF20
:1010E000FFFFFFFFFFFFFFFFFFFFFFFFFFFFFFFF10
:1010F000FFFFFFFFFFFFFFFFFFFFFFFFFFFFFFFF00
:10110000FFFFFFFFFFFFFFFFFFFFFFFFFFFFFFFFEF
:10111000FFFFFFFFFFFFFFFFFFFFFFFFFFFFFFFFDF
:10112000FFFFFFFFFFFFFFFFFFFFFFFFFFFFFFFFCF
:10113000FFFFFFFFFFFFFFFFFFFFFFFFFFFFFFFFBF
:10114000FFFFFFFFFFFFFFFFFFFFFFFFFFFFFFFFAF
:10115000FFFFFFFFFFFFFFFFFFFFFFFFFFFFFFFF9F
:10116000FFFFFFFFFFFFFFFFFFFFFFFFFFFFFFFF8F
:10117000FFFFFFFFFFFFFFFFFFFFFFFFFFFFFFFF7F
:10118000FFFFFFFFFFFFFFFFFFFFFFFFFFFFFFFF6F
:10119000FFFFFFFFFFFFFFFFFFFFFFFFFFFFFFFF5F
:1011A000FFFFFFFFFFFFFFFFFFFFFFFFFFFFFFFF4F
:1011B000FFFFFFFFFFFFFFFFFFFFFFFFFFFFFFFF3F
:1011C000FFFFFFFFFFFFFFFFFFFFFFFFFFFFFFFF2F
:1011D000FFFFFFFFFFFFFFFFFFFFFFFFFFFFFFFF1F
:1011E000FFFFFFFFFFFFFFFFFFFFFFFFFFFFFFFF0F
:1011F000FFFFFFFFFFFFFFFFFFFFFFFFFFFFFFFFFF
:10120000FFFFFFFFFFFFFFFFFFFFFFFFFFFFFFFFEE
:10121000FFFFFFFFFFFFFFFFFFFFFFFFFFFFFFFFDE
:10122000FFFFFFFFFFFFFFFFFFFFFFFFFFFFFFFFCE
:10123000FFFFFFFFFFFFFFFFFFFFFFFFFFFFFFFFBE
:10124000FFFFFFFFFFFFFFFFFFFFFFFFFFFFFFFFAE
:10125000FFFFFFFFFFFFFFFFFFFFFFFFFFFFFFFF9E
:10126000FFFFFFFFFFFFFFFFFFFFFFFFFFFFFFFF8E
:10127000FFFFFFFFFFFFFFFFFFFFFFFFFFFFFFFF7E
:10128000FFFFFFFFFFFFFFFFFFFFFFFFFFFFFFFF6E
:10129000FFFFFFFFFFFFFFFFFFFFFFFFFFFFFFFF5E
:1012A000FFFFFFFFFFFFFFFFFFFFFFFFFFFFFFFF4E
:1012B000FFFFFFFFFFFFFFFFFFFFFFFFFFFFFFFF3E
:1012C000FFFFFFFFFFFFFFFFFFFFFFFFFFFFFFFF2E
:1012D000FFFFFFFFFFFFFFFFFFFFFFFFFFFFFFFF1E
:1012E000FFFFFFFFFFFFFFFFFFFFFFFFFFFFFFFF0E
:1012F000FFFFFFFFFFFFFFFFFFFFFFFFFFFFFFFFFE
:10130000FFFFFFFFFFFFFFFFFFFFFFFFFFFFFFFFED
:10131000FFFFFFFFFFFFFFFFFFFFFFFFFFFFFFFFDD
:10132000FFFFFFFFFFFFFFFFFFFFFFFFFFFFFFFFCD
:10133000FFFFFFFFFFFFFFFFFFFFFFFFFFFFFFFFBD
:10134000FFFFFFFFFFFFFFFFFFFFFFFFFFFFFFFFAD
:10135000FFFFFFFFFFFFFFFFFFFFFFFFFFFFFFFF9D
:10136000FFFFFFFFFFFFFFFFFFFFFFFFFFFFFFFF8D
:10137000FFFFFFFFFFFFFFFFFFFFFFFFFFFFFFFF7D
:10138000FFFFFFFFFFFFFFFFFFFFFFFFFFFFFFFF6D
:10139000FFFFFFFFFFFFFFFFFFFFFFFFFFFFFFFF5D
:1013A000FFFFFFFFFFFFFFFFFFFFFFFFFFFFFFFF4D
:1013B000FFFFFFFFFFFFFFFFFFFFFFFFFFFFFFFF3D
:1013C000FFFFFFFFFFFFFFFFFFFFFFFFFFFFFFFF2D
:1013D000FFFFFFFFFFFFFFFFFFFFFFFFFFFFFFFF1D
:1013E000FFFFFFFFFFFFFFFFFFFFFFFFFFFFFFFF0D
:1013F000FFFFFFFFFFFFFFFFFFFFFFFFFFFFFFFFFD
:10140000814205D051F8043B40F8043B8242F9D8B0
:10141000704700BF044A05494FF0000342F8043BFF
:101420009142FBD8704700BFC01E0020A0290020B9
:101430002DE98848BFF34F8F00BF00BF00BF00BF3A
:1014400000F0FEF9674B0822C3F8542100BF00BF2B
:1014500000BF00BF00BF00BF00BF00BF00BF00BF94
:1014600000BF00BF00BF00BF00BF00BF5E4A5F49B2
:101470005F48FFF7C5FF5F4A5F496048FFF7C0FF5D
:101480005F4CFFF7C7FF4FF470004FF0E0210023DF
:101490005C4AC1F8880D44F823200133B02BFAD1FF
:1014A000594B8021594A03F8011B9342FBD14FF05D
:1014B000E0254C4E4FF08039DFF880B1DFF880A195
:1014C0004FF0FF31C5F8084D0027C6F80491C6F863
:1014D00000B1C6F8F490C6F8F0A0D5F8243DDFF8C6
:1014E000648143F4E0234A4AC5F8243DD8F81C300F
:1014F00023F07F0343F04003C8F81C30D8F82430B1
:1015000023F07F0343F04003C8F824309166D1668E
:101510001167516700F09CF93E4B3F49A3633F4B75
:10152000E36363236B610323AF612B613C4BC5F81D
:10153000203DD5F8FC3D43F08073C5F8FC3D394BA8
:101540001A6842F001021A605B680B6000F008FA4A
:10155000C6F804913448C6F800B1C6F8F490C6F84D
:10156000F0A000F081FBD8F86C10304B304A41F409
:101570004051C8F86C101F60C3F80871C3F81871A7
:10158000C3F82871C3F83871936BDB0708D442F6AF
:101590001563284951651365936B43F00103936309
:1015A000234A254C936843F00113936000F01EF921
:1015B00000F056FB00F002FA00F044F92368132B08
:1015C000FCD900F093FA2368B3F5967FFBD300F0C3
:1015D0003DF900F039F900F037FB00F039FB30BF7E
:1015E000FDE700BF00800D40F87700007C1E006022
:1015F00000000000C01E002078960060000000205F
:10160000001C0020694D000000E400E0A0E400E0C0
:1016100000C00A40616100002829002065610000C7
:1016200000002020001000E00046C32300400840D6
:1016300000400D400000C0562C2900201B1018202F
:101640000C0D111300C00F40054B4FF42A01054A41
:1016500005485A641864054A99639546FFF7E8FE01
:1016600000C00A40ABAAAAAA0700200000800720F9
:1016700043690A4A03EB011010B4037A084C02EBE9
:101680000313D3E901321460C2681A6003690BB115
:1016900042691A605DF8044B704700BF10070020D4
:1016A00061F801004369027E03EB021292F808C060
:1016B0008C451CD01A7AFF2A19D0914210B50446E5
:1016C00016D01A7EFF2A06D00121D3E90023126822
:1016D0001A4201D1217610BD064B0522204603EBAC
:1016E0000C135B681A60FFF7C3FF2176F3E77047BE
:1016F0000021EAE71007002043690A4A03EB0110C2
:1017000010B490F82830084C02EB0313D3E90132EF
:101710001460C26A1A60036B0BB1426B1A605DF809
:10172000044B70471007002061F801004369427EB6
:1017300003EB021292F828C08C451ED093F82820A3
:10174000FF2A1AD0914210B5044617D093F83820DA
:10175000FF2A06D00121D3E9002312681A4201D1E1
:10176000617610BD064B0522204603EB0C135B6827
:101770001A60FFF7C1FF6176F3E770470021EAE7DF
:1017800010070020164942698B6B23F47C0343F455
:10179000802370B58B630446124DD2E900130A68AA
:1017A0001A4303690A60022200211A610E4A196174
:1017B0009A6401225A629D624FF43035DD624FF027
:1017C00001159E6C1E6519629D651A61017EFFF709
:1017D0004FFF617E2046BDE87040FFF78DBF00BF20
:1017E00000C00F40B80B05053B372819104BA0204F
:1017F000104AD96E41F4403110B4D96640F23764D2
:10180000D96E41F44071D96654649064936C1B06A0
:10181000FCD4094A40F23761A02351649364936C6D
:1018200013F08003FBD1054A13705DF8044B704739
:1018300000C00F4000400C4000800C406329002095
:10184000704700BF704700BF704700BF00BF7047C0
:1018500010B44FF0E023002110243148C3F8941D48
:10186000C3F89C4D1124C3F8A00D2E48C3F89C4D1D
:101870001224C3F8A00D2C48C3F89C4D2B4AC3F882
:10188000A00D2B4C42F015022A48C3F89C4DC3F81A
:10189000A00D294C2948C3F89C4DC3F8A00D284C35
:1018A000C3F89C2D2748284AC3F8A04DC3F89C0DC7
:1018B000C3F8A02D02F5A022244C0C322448C3F812
:1018C0009C4DC3F8A02D234AC3F89C0D224CC3F8AD
:1018D000A02D02F14062C3F89C4D2048C3F8A02D12
:1018E0000C32C3F89C0DC3F8A02D00BF00BF00BF91
:1018F00000BF00BF0122C3F8942DBFF34F8FBFF389
:101900006F8FC3F8501FBFF34F8FBFF36F8FD3F8A4
:10191000142D5DF8044B42F44032C3F8142D704787
:101920003F0000102500080709001000A029002032
:1019300013002000210002071400002025000813D6
:10194000090000101600202027000B13170000408C
:10195000180000602F000B07190000701A000080AB
:10196000F0B4154A40274FF480314FF480564FF4BD
:1019700000554FF4404443F24200136913F0020F44
:101980000ED113F4005F0FD013F4805F0ED0002B44
:10199000F3DA13F4803F0BD15B060BD5F0BC704734
:1019A000946151619061E8E75561E6E75661E4E7CB
:1019B0009161E2E75761E0E700800D403F4A032074
:1019C0003F49F3EE095AD2F880304FF0000C9FEDFA
:1019D0003D6A23F001039FED3C5A30B4C2F88030D9
:1019E000C2F89000D1F8E010384DCBB2384C3948ED
:1019F0002B6007EE903A0B0DC1F30B21F8EEE77A5E
:101A000006EE903A07EE101A334BB8EEC77A216013
:101A1000F8EEE66A314937EEC66A37EEC55A76EE19
:101A2000C76A77EEE57A26EE266AC3ED006A25EEF0
:101A3000265AD2F8803067EEA64AC0ED007AC6EE8C
:101A4000275A274885EE276AC4EEA76A75EE875A9B
:101A5000FCEEE55A36EE076A15EE904ABCEEC66A11
:101A600043EA045376EE877AC2F8803016EE103AD5
:101A7000D2F89041FCEEE77A01EA0341214317EEE8
:101A8000903AC2F89011C3F30B03D2F890110B43B4
:101A90001449C2F89031D2F8803043F00203C2F802
:101AA0008030114B80F840C0C1F840314FF0E02346
:101AB000012230BCC3F80821704700BF00810D40EF
:101AC00000441F400000AA420000B442F028002059
:101AD000EC280020F4280020F82800200000FF0F48
:101AE00000E400E0001C0020294F0000314B40F6CC
:101AF000617210B5C3F8202140F2044400F09CF854
:101B00002D4A2E49D2F880302D4843F00303C2F805
:101B100080302C4BC1F8604102681A4203D1D1F8E1
:101B2000A8319A071BD0254A4FF00041244B596336
:101B3000D2F8403143F00203C2F84031D2F84031CC
:101B40009B07FBD44FF400304FF0E0211C4B4FF0CB
:101B50000042C1F88C0219209A6300F071F8184A0B
:101B60004FF08040154C002190630A20164B116005
:101B70004FF42072C4F8A801184600F06DF84FF435
:101B8000800203464FF4810040F243111860C4F80C
:101B900058311A640D4B0E4AC4F84811C3F8042298
:101BA0004FF0E0224FF400310123C2F80C11C4F8C9
:101BB000403110BD00800D4000C00F4000002E409D
:101BC00000900D40001C1E0000000020001C0020A2
:101BD0001151000008B50E4B1B6E9B0700D4FBBED5
:101BE00072B60C4B00200C4AC3F8400103F160436D
:101BF0000A49A3F55F2311649D46BFF34F8F4FF44D
:101C000000130748074ADB6902609B68984700BFDA
:101C100000441F4000002E4000C00A400300200086
:101C200000802020000012EBF8B500BFF8BC08BC13
:101C30009E467047000000005FF800F081580000E9
:101C40005FF800F0494200005FF800F0BD6F00004F
:101C50005FF800F0C94800005FF800F0B96D0000BF
:101C60005FF800F0754C00005FF800F0593F00008D
:101C7000050100007D0A0000D50F0000A12400002E
:041C8000792F0000B8
:101C840080C00F4000000003190000001000000095
:101C9400E8841F4001000000FF000000FF00000076
:101CA4000000000000000000180000001000000008
:101CB400E4841F4001000000FF000000FF0000005A
:101CC40000000000000000001F0000006D21000063
:101CD40070C00F40000C0000110000001100000053
:101CE400E0841F40020000002400000012000000F5
:101CF400E0841F40010000001000000011000000FB
:101D0400DC841F40020000002500000012000000D7
:101D1400DC841F40010000001E000000612100005F
:101D240070C00F40C000000012000000130000004B
:101D3400D0841F4001000000FF000000FF000000ED
:101D44000000000000000000130000001300000069
:101D5400CC841F4001000000FF000000FF000000D1
:101D640000000000000000001C00000055210000DD
:101D74001603550053004200200053006500720012
:101D8400690061006C0000001803540065006500E0
:101D94006E00730079006400750069006E006F00C6
:101DA4000403090409026200030100C032080B00A5
:101DB40002020201000904000001020201000524DC
:101DC4000010010524010101042402060524060073
:101DD400010705820310001009040100020A000033
:101DE40000070503024000000705840240000009C3
:101DF40004020002FF6AFF00070581024000010798
:101E0400050102400001000009026200030100C054
:101E140032080B0002020201000904000001020260
:101E24000100052400100105240101010424020617
:101E340005240600010705820310000509040100BA
:101E4400020A0000000705030200020007058402DD
:101E54000002000904020002FF6AC70007058102AC
:101E64000002010705010200020100000A06000247
:081E7400EF0201400100000033
:101E7C000000000000000000000000000000000056
:101E8C000000000000000000000000000000000046
:101E9C00F8B54FF084439D695A6915400DD0254F14
:101EAC0001269D6195FAA5F4B4FA84F457F8243010
:101EBC0006FA04F49847A543F4D11F4B9D695A695F
:101ECC0015400DD01D4F01269D6195FAA5F4B4FA6D
:101EDC0084F457F8243006FA04F49847A543F4D157
:101EEC00174B9D695A6915400DD0164F01269D61FF
:101EFC0095FAA5F4B4FA84F457F8243006FA04F4ED
:101F0C009847A543F4D1104B9D695A6915400DD0E3
:101F1C000E4F01269D6195FAA5F4B4FA84F457F896
:101F2C00243006FA04F49847A543F4D1BFF34F8F3D
:101F3C00F8BD00BF7C16002000400042FC160020BB
:101F4C00008000427C17002000C00042FC170020DB
:101F5C000548064B1B1AD90F01EBA301491002D0FF
:101F6C00034B03B118477047C01E0020C01E002051
:101F7C000000000008B5054B1BB105490548AFF33F
:101F8C000080BDE80840FFF7E3BF00BF0000000081
:101F9C008828002000C4006038B51A4C0125502355
:101FAC000146204684F8305184F8A53084F82F512E
:101FBC0001F0AAFD2946204601F07EFE2B460222A6
:101FCC002821204601F0F8FE94F8A22094F8A350A2
:101FDC00AA4210D2531CA118DBB2887E9D4284F811
:101FEC00A2300BD9234402329B7E84F8A22040EA13
:101FFC00032000B238BD4FF0FF3038BD60F0FF0059
:10200C0038BD00BF340E002008B51A20FFF7C4FFFE
:10201C0003460D4A1C2007EE103ABAEECE7BB7EE03
:10202C00C77B82ED007AFFF7B7FF1E20FFF7B4FFE6
:10203C001420FFF7B1FF1620FFF7AEFF1820BDE804
:10204C000840FFF7A9BF00BFD826002070B5324C5E
:10205C0001255026204607F0F7FA4FF42F7004F0B4
:10206C002BF83D21204684F8A56084F8305184F883
:10207C002F5101F049FD0021204601F045FD294674
:10208C00204601F019FE142004F016F83E212046DB
:10209C0084F8A56084F8305184F82F5101F034FD98
:1020AC000021204601F030FD2946204601F004FEB7
:1020BC000A2004F001F80721204684F8A56084F872
:1020CC00305184F82F5101F01FFD0021204601F002
:1020DC001BFD2946204601F0EFFD3D21204684F8EA
:1020EC00A56084F8305184F82F5101F00DFD0C21BE
:1020FC00204601F009FD2946204601F0DDFD1420A3
:10210C0003F0DAFF0C21054805F056FE0448BDE843
:10211C00704003F035BB00BF340E002004050020D6
:10212C00840C0020174B184A19681368CB1A132B10
:10213C0027D910B4116072B6144A154B12681B687B
:10214C0062B61448144904680260121B08680B60DC
:10215C00002AA3EB00031149B8BF5242002B91EDAA
:10216C00007AB8BF5B42DFED0E6A5DF8044B134496
:10217C0007EE903AFAEEEF7AA7EEA67A81ED007AA6
:10218C00704770472C290020282300203C29002070
:10219C00402900201C230020202300203829002067
:1021AC003A46F13B184B10B5187804F003F8174B6E
:1021BC000446187803F0FEFF154A40EA4400136801
:1021CC0040EA83030D2B1AD812491941C90707D4C9
:1021DC00114C216801312160104C216801312160C2
:1021EC000F4941FA03F3DB0707D40B4C0B49236867
:1021FC00013B23600B68013B0B60106010BD0E2B84
:10220C00EED0106010BD00BF7C150020841500209E
:10221C0080280020EBD7FFFFF82600203C29002067
:10222C007DBEFFFF184B10B5187803F0C3FF174B9A
:10223C000446187803F0BEFF154A40EA44001368C0
:10224C0040EA83030D2B1AD812491941C90707D448
:10225C00114C216801312160104C21680131216041
:10226C000F4941FA03F3DB0707D40B4C0B492368E6
:10227C00013B23600B68013B0B60106010BD0E2B03
:10228C00EED0106010BD00BF801500208815002016
:10229C0084280020EBD7FFFFFC26002040290020DB
:1022AC007DBEFFFF10B51B4C17211B4805F084FDAC
:1022BC00204603F065FA5D21184805F07DFD2921C3
:1022CC00174805F079FD204603F05AFA204603F032
:1022DC0057FA3B21134805F06FFD3B21124805F0DE
:1022EC006BFD204603F04CFA3B21104805F064FDD1
:1022FC003B210F4805F060FD204603F041FA3C21DC
:10230C000C4805F059FD3C210B48BDE8104005F088
:10231C0053BD00BF840C002094020020AC020020AE
:10232C000C0300203803002074030020B0030020AD
:10233C00EC030020280400206804002070B505463A
:10234C0084B00C463A2103F02FFC2946024601A822
:10235C0003F03AFC0122002101A803F08BFC03F0EE
:10236C00D5FC06462046F6B203F0C0FF864203D0E9
:10237C003146204604F0C6F801A803F04FFB0F21AC
:10238C00144805F019FD3A21284603F00DFC0022F3
:10239C000346294601A803F043FC01A90E4803F0AB
:1023AC00BDF901A803F03AFB03210C4805F004FD2C
:1023BC00204603F09BFF002301460A22064803F047
:1023CC00EDF9054803F0DCF9204603F08FFF04B06B
:1023DC0070BD00BFF0040020840C0020000500201C
:1023EC0030B5044685B03A2103F0DEFB00220346EB
:1023FC00214601A803F014FCAB4901A803F0A2FB91
:10240C00054601A803F00AFB85B1214601A803F09B
:10241C00E9FAA64B01A81968FFF790FFA44B0246F6
:10242C0001A81A6003F0FAFA05B030BD3A21204633
:10243C0003F0BAFB2A460346214601A803F0F0FB41
:10244C009C4901A803F07EFB054601A803F0E6FABF
:10245C0085B1214601A803F0C5FA974B01A819686C
:10246C00FFF76CFF954B024601A81A6003F0D6FAF1
:10247C0005B030BD3A21204603F096FB2A460346B0
:10248C00214601A803F0CCFB8D4901A803F05AFBAF
:10249C00054601A803F0C2FA15BB3A21204603F009
:1024AC0083FB2A460346214601A803F0B9FB854964
:1024BC0001A803F047FB054601A803F0AFFA05B3EA
:1024CC00214601A803F08EFA7F4B01A81968FFF78B
:1024DC0035FF7E4B024601A81A6003F09FFAA3E772
:1024EC00214601A803F07EFA794B01A81968FFF781
:1024FC0025FF784B024601A81A6003F08FFA05B04D
:10250C0030BD3A21204603F04FFB2A4603462146B4
:10251C0001A803F085FB704901A803F013FB0546E5
:10252C0001A803F07BFA15BB3A21204603F03CFBD3
:10253C002A460346214601A803F072FB674901A80D
:10254C0003F000FB054601A803F068FAFDB1214633
:10255C0001A803F047FA624B01A81968FFF7EEFED9
:10256C00604B024601A81A6003F058FA5CE721465A
:10257C0001A803F037FA5C4B01A81968FFF7DEFEDF
:10258C005A4B024601A81A6003F048FA4CE73A216C
:10259C00204603F009FB2A460346214601A803F016
:1025AC003FFB534901A803F0CDFA054601A803F0FF
:1025BC0035FA7DB1214601A803F014FA4D4B01A860
:1025CC001968FFF7BBFE4C4B024601A81A6003F0DA
:1025DC0025FA29E73A21204603F0E6FA2A46034673
:1025EC00214601A803F01CFB444901A803F0AAFAF8
:1025FC00054601A803F012FA7DB1214601A803F0AB
:10260C00F1F93F4B01A81968FFF798FE3D4B0246C4
:10261C0001A81A6003F002FA06E73A21204603F0FB
:10262C00C3FA2A460346214601A803F0F9FA3649B3
:10263C0001A803F087FA054601A803F0EFF97DB174
:10264C00214601A803F0CEF9304B01A81968FFF719
:10265C0075FE2F4B024601A81A6003F0DFF9E3E682
:10266C003A21204603F0A0FA2A460346214601A847
:10267C0003F0D6FA274901A803F064FA054601A82D
:10268C0003F0CCF9002D4BD0214601A803F0AAF998
:10269C00214B01A81968FFF751FE204B024601A8F7
:1026AC001A6003F0BBF9BFE6A80400205C150020FB
:1026BC00A0220020AC040020581500209C220020F1
:1026CC00B0040020B40400205015002094220020F7
:1026DC005415002098220020B8040020BC040020CF
:1026EC00D42600209C2000204C150020A420002083
:1026FC00C00400204015002094200020C4040020B9
:10270C00381500208C200020C8040020481500201B
:10271C00A0200020CC04002044150020982000208C
:10272C003A21204603F040FA00220346214601A834
:10273C0003F076FA224901A803F004FA054601A831
:10274C0003F06CF97DB1214601A803F04BF91D4B48
:10275C0001A81968FFF7F2FD1B4B024601A81A608D
:10276C0003F05CF960E63A21204603F01DFA2A4694
:10277C000346214601A803F053FA144901A803F0BB
:10278C00E1F9054601A803F049F97DB1214601A8FC
:10279C0003F028F90E4B01A81968FFF7CFFD0D4B7C
:1027AC00024601A81A6003F039F93DE616210A48E1
:1027BC0005F002FB094805B0BDE8304002F0E0BF6F
:1027CC00D00400203C15002090200020D4040020D0
:1027DC003415002088200020D8040020840C002010
:1027EC0008B52A4B186803F081FD29490246294B8C
:1027FC0008681A6003F07AFD27490246274B0868DF
:10280C001A6003F073FD26490246264B08681A60CD
:10281C0003F06CFD24490246244B08681A6003F04F
:10282C0065FD23490246234B08681A6003F05EFDE0
:10283C0021490246214B08681A6003F057FD2049D4
:10284C000246204B08681A6003F050FD1E490246F0
:10285C001E4B08681A6003F049FD1D4902461D4BCA
:10286C0008681A6003F042FD1B4902461B4B0868BE
:10287C001A6003F03BFD1A4902461A4B08681A60AD
:10288C0003F034FD184B186008BD00BFD42600209F
:10289C004C1500209C20002038150020A42000207E
:1028AC00401500208C20002044150020942000208E
:1028BC00481500209820002034150020A02000206E
:1028CC003C150020882000205C1500209020002062
:1028DC0058150020A0220020541500209C22002016
:1028EC0050150020982200209422002003F0DABC1E
:1028FC00DFED0F7AB4EE670AF1EE10FA0CD0F2EEBF
:10290C00045A9FED077BB4EE650A9FED076BF1EE61
:10291C0010FA07FE060B7047B2EE040B704700BFAF
:10292C000000000000005940000000000000000002
:10293C000000C842054A064BD2F8200220F07F4026
:10294C00984202D200EB80004000704700441F40C8
:10295C008096980010B584B0144C154901A803F06A
:10296C0023F8D4E91B239A420BD0204601F052FBEA
:10297C00014601A8C9B203F0D5F8D4E91B239A4249
:10298C00F3D101A803F096F9039B01A84BB103F016
:10299C00BDF9084A04460849084B01A812680C60A6
:1029AC001A6003F03BF804B010BD00BF18270020DC
:1029BC0064040020E0260020E426002024290020C6
:1029CC005C495D4B5D4A08782DE9F04F5C4CDFF8B3
:1029DC00A891DFF8A8A15B4F5B4DDFF8A4815B4E9B
:1029EC002DED028B89B0DA6103F096F994ED007A43
:1029FC00D4ED007A8346B8EE477AD9ED006AF8EE4A
:102A0C00677A77EE666A8AED007A97ED007AC8ED00
:102A1C00007A37EEC77AC5ED006A86ED007A05F0CC
:102A2C0061F9B8B14A4B1B780193002B43D105F0E7
:102A3C009DF96D28019B00F08981732800F0B88105
:102A4C00702800F0A4810A2804D0424B1860D8F8F2
:102A5C0000303B60404B96ED007AD3ED007AB4EE3B
:102A6C00E77AF1EE10FA05DDD8F8003000223B6071
:102A7C00384B1A60BBF5617F37DC17D1DFF8048166
:102A8C00D5ED007A98ED000AF4EEC07AF1EE10FA6A
:102A9C007ADC324A236811685B1A092B3FD809B0DB
:102AAC00BDEC028BBDE8F04FFFF73CBB294B18681F
:102ABC0000F0F6FAE2E70022294902A802F03AFFF8
:102ACC000499012202A8013903F0D4F8014602A8A6
:102ADC0002F0E0FF049B012B00F04F81002B40F033
:102AEC002A8102A802F09AFFB4E700261D4B1E6053
:102AFC0031461D4B187803F033FB1C4B31461878CC
:102B0C0003F02EFB1A4B3146187803F047FF194B94
:102B1C003146187803F042FF0E4B1E60AEE7236877
:102B2C001360FFF771FA09B0BDEC028BBDE8F04FF2
:102B3C00FFF7F8BAB818002018270020E50A0000A3
:102B4C002C29002024290020F0260020F426002027
:102B5C006A290020E4260020C818002060230020E9
:102B6C00840C0020B8280020741500207815002053
:102B7C00BC180020C018002020290020DC260020D2
:102B8C00E0260020C4180020DAF80030904FC9F875
:102B9C0000303E68FFF7ACFEB0EE408B98ED000ABB
:102BAC00DFF89C82D8F80050FFF7A2FE86EAE672A6
:102BBC00884885EAE573A2EBE672A3EBE57305782A
:102BCC00C2EB0212C3EB031392009B0007EE902A98
:102BDC00814AB8EEE76B07EE903A6B1C00EB4505AB
:102BEC00B8EEE77B26EE086BDBB26988142B27EE78
:102BFC00007B08BF0023037013789FED734B02EB2F
:102C0C004306013386EE045BDBB2142B87EE046BB8
:102C1C0008BF00231370C36AA3EB010CD36A71883D
:102C2C00591A0023C8F800303B606C4FBCEEC55BF2
:102C3C0015EE103ABCEEC66B9BB26B806344C3625C
:102C4C0016EE103A9BB273800B442168D3623B683A
:102C5C00CB1AC72B7FF61DAF614A236811686148F8
:102C6C003B6002F081FD03215F4805F0A5F80921C6
:102C7C005E4805F0A1F85E4B02215A4893ED000A1C
:102C8C00B7EEC00A02F0A0FD0A215A4805F094F8EC
:102C9C00594B0221534893ED000AB7EEC00A02F0DB
:102CAC0093FD0921554805F087F8554B02214D48F5
:102CBC0093ED000AB7EEC00A02F086FD08215148D8
:102CCC0005F07AF8504B0221464893ED000AB7EE16
:102CDC00C00A02F079FD05214C4805F06DF84C4B0B
:102CEC004048196802F040FD05214A4805F064F897
:102CFC00494B3C48196802F037FD0521474805F05F
:102D0C005BF8474B0221374893ED000AB7EEC00A37
:102D1C0002F05AFD0C21434805F04EF8424B0221BB
:102D2C00304893ED000AB7EEC00A02F04DFD2D4875
:102D3C0002F026FDADE602A905A802F053FE05A897
:102D4C00FFF74EFB05A802F069FECAE6FFF7F2FD9D
:102D5C00019B0A220146234802F020FD0321224850
:102D6C0005F02AF80D21314805F026F81D4802F02F
:102D7C0007FD1B4A019B13606CE62D4902A802F06B
:102D8C00E1FE50B9049B002B3FF4ABAED3E7294ACC
:102D9C00137883F0010313705CE61721264805F0C5
:102DAC000BF8104802F0ECFC0023244A137098E650
:102DBC00012222490A701F4A1370094A1360FFF757
:102DCC0071FA47E6AFF30080000000000040AF400E
:102DDC00F82600206823002098230020642300207C
:102DEC00E4260020840C0020FC040020BC090020F8
:102DFC00D8260020C809002034290020D40900203E
:102E0C00A4280020E0090020A0280020EC090020C4
:102E1C00E8260020F4090020EC260020FC09002004
:102E2C0014270020040A00203829002090090020D3
:102E3C00A009002065290020A40900206A2900208F
:102E4C00FC26002003F02EBA2DE9F843554D40F234
:102E5C00EE28554C554FDFF894912E6805F02AF862
:102E6C002378002B00F090803B78DB0740F18C80BE
:102E7C002B68D9F800209B1A0E2B40F285804C4B06
:102E8C00DFF86C8119784B4E4B4801F033FA4B4C00
:102E9C0098F80000012103F09FF9494F3078012187
:102EAC0003F09AF92078012103F096F93878012182
:102EBC0003F092F9434B0321187803F08DF9FFF7D7
:102ECC00C5F895ED007AD5ED007A0021B8EE477A79
:102EDC003D4BF8EE677A98F800003C4D83ED007A94
:102EEC003B4BC3ED007A03F03BF92078002103F053
:102EFC0037F9384C3078002103F032F9364E3878F7
:102F0C00002103F02DF92078002103F065F93078C9
:102F1C00002103F061F92078012103F021F93078C8
:102F2C00012103F01DF9207804222C4903F082FBC7
:102F3C002B4C04223078294903F07CFB28780021A3
:102F4C0003F04AF92078002103F046F92878012192
:102F5C0003F006F92078012103F002F92878042205
:102F6C00204903F067FB207804221E4903F062FB22
:102F7C00FFF736FC00211C4802F0B6FAC0211A48B3
:102F8C00BDE8F84302F0B0BA2B6822789B1B32B133
:102F9C00B3F5FA6F3FF673AF04F08CFF5EE7434571
:102FAC00FAD96CE72C290020702900206F29002009
:102FBC00800C0020BC180020182700207815002059
:102FCC00C0180020B81800202029002080150020EF
:102FDC00242900207C1500208415002035030000D6
:102FEC0088150020B5030000940C00204C2900200B
:102FFC0074150020244A137830B41BB1234B1B6882
:10300C008B4207D0224B1B6813B94B1E012B0DD9D9
:10301C0030BC70471F4B40F2DB511F4C1B682468BF
:10302C001B1B8B420CD900231370F1E71948174B6B
:10303C0005681E20184C1960012325601370E7E702
:10304C0007EE903A9FED156A1E38F0EE085AF8EE2E
:10305C00E77AB0EE005AF3EE0E6A87EE867A07EE48
:10306C00900AB8EEE76AF0EE657AE7EE457A27EE5D
:10307C00077A27EE277AF0EE667AE7EE067AFDEE0F
:10308C00E77A17EE900AC3E75E2900201823002088
:10309C00142300202C290020242300200080BB4472
:1030AC004128F8B562D04228044676D0AC281BD013
:1030BC00AE287CD0B0F5887F68D1D7231C46A3F10D
:1030CC006F02092A40F2B680A3F17902092A76D957
:1030DC00A3F1D302092A40F2E880DD3B092B40F230
:1030EC0043818B4D2C60F8BD73231C46A3F1150254
:1030FC00092AE4D80025874B87491D70874B08782F
:10310C001D6000238649874A0B60874912680B6053
:10311C0086490D6086490B6086490B600121864B00
:10312C001A6003F01DF8854B2946187803F018F83F
:10313C00834B172C1B783DDD1A2C00F3A780002B3A
:10314C0014BF782150217F4B7F4A19607F4B804DF3
:10315C001960804B10782960196003F01FFC7E4BBE
:10316C00296818786A4D03F019FCBBE77B497C4A47
:10317C000B6810681B1AB3F5FA7FB4D37048037848
:10318C00096883F0010311600370F8BDB0F5897F05
:10319C0040F04181E1231C4691E77049704A0B686D
:1031AC0010681B1AB3F5FA7F9DD36E48E7E77D23B1
:1031BC001C4684E7AB4214BF50213C21C3E70025D9
:1031CC00554954480023574A0570087853491268EA
:1031DC000D6053490B6054490B6054490D605449C0
:1031EC000B6054490B602946534B1A6002F0B8FF30
:1031FC00524B2946187802F0B3FF5A4B7B2C1B78A4
:10320C007CDCAB420BBF5A2178217D23AA234D4A8B
:10321C004F4E11604D4A336011604E4A3C4D136065
:10322C00494B187803F0BAFB4B4B3168187803F014
:10323C00B5FB57E70025384936480023394A057055
:10324C000878364912680D6035490B6036490B60B9
:10325C0036490D6036490B6036490B602946364BB2
:10326C001A6002F07DFF354B2946187802F078FF82
:10327C003C4B712C1B780EDCAB4215BFAA217D2177
:10328C0078235A23C3E7102C7FF759AF002B14BFB8
:10329C00B421782157E7742C00F38F80002B0BBFDF
:1032AC009621C82173239623B1E70022194D0023E0
:1032BC001C492A70194D09682A60194D16482B6053
:1032CC00194D00782B60194D2A60194A1360194A60
:1032DC001360194B1960012102F042FF174B0121B9
:1032EC00187802F03DFF1F4BD52C1B786CDC002BA3
:1032FC0015BFAA217D2178235A2388E77E2C6CDC0C
:10330C00002B0BBF732196219623C8237FE700BFA8
:10331C00142300205F290020741500203023002086
:10332C0014270020D8260020A8280020AC28002034
:10333C00A4280020A0280020342900207815002083
:10334C006C2900200C230020BC180020E82600204B
:10335C0010230020EC260020C01800202C2900206F
:10336C002C2300206929002000229D4D00239D491B
:10337C002A709D4D09682A609C4D9D482B609D4D7F
:10338C0000782B609C4D2A609C4A13609C4A136009
:10339C009C4B1960012102F0E3FE9B4B0121187834
:1033AC0002F0DEFE994BDF2C1B781DDC002B15BFC9
:1033BC0078215A21AA237D2329E7002B0BBFB421A6
:1033CC00F0213C23502322E7D82C16DC002B15BF10
:1033DC00C821962178235A2319E7002B15BF5021B9
:1033EC003C21F023B42312E7E22C0DDC002B15BF9B
:1033FC0078215A21C823962309E7002B15BFF02109
:10340C00B42150233C2302E7002B0BBF3C2150215D
:10341C00B423F023FBE6012840F01A817C4D2B6885
:10342C00022B00F0D281784B0021187802F098FE24
:10343C006F4B0021187802F093FE744B21461B78D9
:10344C00002B14BFFF20C820FFF7D4FD644A0146AF
:10345C001378002B40F0F48163486E4B06680EB96C
:10346C001E6806601868801BC72840F2E0815D4822
:10347C00644E076800203760012616705B4A1060A6
:10348C005C4A10601A685C4802601F68DFED626A73
:10349C00BA1A9FED627A07EE902AF8EE677A87EEF9
:1034AC00A66AB4EEC76AF1EE10FAC0F2CD81554BA4
:1034BC009FED5B7AD3ED007A4A4BD3ED006A77EE41
:1034CC00E67AF4EEC77AF1EE10FA08DDDFED556A14
:1034DC0077EEE67AF4EEC77AF1EE10FAF8DC9FEDAF
:1034EC00527AF4EEC77AF1EE10FA08D5DFED4D6A98
:1034FC0077EEA67AF4EEC77AF1EE10FAF8D43B4BDD
:10350C00FAEE0E5A3B4AD3ED006A92ED007AE6EEE3
:10351C00276A37EEC77A87EE065AF4EEE56AF1EEC3
:10352C0010FA00F19D81B2EE0E6AF4EEC66AF1EE6D
:10353C0010FA00F3A5819FED3D7A26EE877AF2EE24
:10354C00005AC3ED006ADFED3A6A06EE101A2B4BF7
:10355C00A7EEA57AB8EEC66AC3ED007A284BA5EEA5
:10356C00267A76EE076A83ED007AF5EEC06AF1EE04
:10357C0010FA00F17A81DFED2F5AF4EEE56AF1EEE4
:10358C0010FA00F37B81FDEEE66A16EE903A36EE09
:10359C00476AB5EEC06A284E3360F1EE10FA00F1BE
:1035AC005B819FED247AB4EEC76AF1EE10FA00F35A
:1035BC005581BDEEC67A17EE101AC2ED007A1F4A7D
:1035CC00076011601E4A13601E4B19601E4B187861
:1035DC0003F0E4F91D4B3168187803F0DFF981E54D
:1035EC005F290020D826002030230020142700203B
:1035FC0074150020A8280020AC280020A428002046
:10360C00A0280020342900207815002069290020EA
:10361C00142300202C29002000007A440AD7233CD4
:10362C00000034430000B443000034C3CDCCCC3D87
:10363C000AD7A33D00007F430C2300201023002059
:10364C00E8260020EC260020C0180020BC18002022
:10365C00022840F05B81904D2B68012B00F0B58067
:10366C008E4B0121187802F07BFD8D4B01211878CF
:10367C0002F076FD8B4B21461B78002B14BFFF20EC
:10368C00C820FFF7B7FC884A01461378002B40F09E
:10369C00DF808648864B06680EB91E68066018687F
:1036AC00801BC72840F2C3808248834E07680020E5
:1036BC00376001261670814A1060814A10601A68C2
:1036CC00804802601F68DFED806ABA1A9FED7F7A2E
:1036DC0007EE902AF8EE677A87EEA66AB4EEC76A10
:1036EC00F1EE10FAC0F2B080734B9FED797AD3ED06
:1036FC00007A704BD3ED006A77EEE67AF4EEC77A77
:10370C00F1EE10FA08DDDFED736A77EEE67AF4EE8F
:10371C00C77AF1EE10FAF8DC9FED6F7AF4EEC77A07
:10372C00F1EE10FA08D5DFED6B6A77EEA67AF4EEBF
:10373C00C77AF1EE10FAF8D4604BFAEE0E5A604AE2
:10374C00D3ED006A92ED007AE6EE276A37EEC77A7F
:10375C0087EE065AF4EEE56AF1EE10FA00F1878076
:10376C00B2EE0E6AF4EEC66AF1EE10FA00F38F8038
:10377C00B6EE007A26EE877AF0EE005AC3ED006AB8
:10378C00DFED566A06EE101A554BA7EEA57AB8EE89
:10379C00C66AC3ED007A534BA5EE267A76EE476ADD
:1037AC0083ED007AF5EEC06AF1EE10FA64D4DFED29
:1037BC004E5AF4EEE56AF1EE10FA66DCFDEEE66ABE
:1037CC0016EE903A36EE076AE3E600244749484A7B
:1037DC00484B0878214614601C6003F0DFF8464B18
:1037EC002146187803F0DAF82D4B2146187802F0B0
:1037FC00B7FC2A4B2146187802F0B2FC2D492A4A14
:10380C0000230868147029492C4A0C6013602C4959
:10381C002C4A0B6014603249324A0B601360264903
:10382C00364A374B2C60086014701C60F8BD314B65
:10383C002F4E1960334B31601960334B1960C5E65C
:10384C0020481B4B026820E62A4B294E1968BDE61E
:10385C001C48174B026835E70021AEE6FF21ACE6A9
:10386C00BFEE087AF0EE656A69E600238FE6B9EEE2
:10387C000E7AF0EE656A7FE70023A3E7FF2386E666
:10388C00B7EE087AF0EE466A59E6FF239AE7B1EEF6
:10389C000E7AF0EE466A6FE71423002078150020AC
:1038AC0074150020692900205F2900203023002096
:1038BC002C290020D8260020342900201427002091
:1038CC00A8280020AC28002000007A440AD7233C0A
:1038DC00000034430000B443000034C3CDCC4C3D55
:1038EC00A4280020A028002000007F43BC18002042
:1038FC000C23002010230020C01800205E2900207B
:10390C0018230020E8260020EC26002000287BD17C
:10391C00544A0021544D554B55482C700668156877
:10392C001A68921B534E3460042A534E3160534E26
:10393C003460534E3160534E31605349534E0D60D9
:10394C0053490C7053490C601CD8534C534B316881
:10395C00187803F023F8524B2168187803F01EF8FE
:10396C00316824680C437FF4BEAB4E4B214618786B
:10397C0002F0F6FB4C4B2146187802F0F1FB4B4B56
:10398C001C60F8BD1A6833680260002B05DDB42B8F
:10399C000EDC962B25DD023B33603F4C2368002B5D
:1039AC00D4DDB42B07DC962B08DD023B2360CDE77E
:1039BC00083B3360F1E7083B2360C7E75A2BFADC7E
:1039CC0007EE903A9FED3A7AF8EEE77A67EE877A4F
:1039DC00FDEEE77A17EE903A042BD8BF0023236054
:1039EC00B4E75A2BE4DC07EE903A9FED317AF8EE0F
:1039FC00E77A67EE877AFDEEE77A17EE903A042BBA
:103A0C00D8BF00233360C8E7A0F10B020346092A94
:103A1C003FF66CAB0021144D0023124A2970154D52
:103A2C0020482960144D12682B60224D00782B60C1
:103A3C00124D2960124D2B60124D2B60124B1A60E7
:103A4C0002F08EFB184B0121187802F089FB1A4BFF
:103A5C000D2C1B783FF717AC002B14BF50213C21C9
:103A6C00FFF771BBD82600205F2900202C290020ED
:103A7C00C82300203023002014270020AC2800206D
:103A8C00A4280020A0280020342900200C2300208A
:103A9C005E2900201823002010230020BC180020D1
:103AAC00C018002074150020781500201423002065
:103ABC00D7A3703FA82800206C2900200020704755
:103ACC0090F8A32090F8A200101A704790F8A2303A
:103ADC0090F8A3209A4205D95A1C034480F8A220DE
:103AEC00987E70474FF0FF30704700BF90F8A230BF
:103AFC0090F8A3209A4202D91844807E70474FF068
:103B0C00FF307047704700BF0346B0F8300178B102
:103B1C0093F82F21882A03D9012200205A6070477C
:103B2C0002F1010C01201A4483F82FC182F8A51070
:103B3C00704700BF38B5B0F830410CB9204638BDDD
:103B4C0090F82F310546C3F18904A2420DD81446D2
:103B5C0005F1A5002246184402F0F6FD95F82F3128
:103B6C002046234485F82F3138BD01224260EFE70F
:103B7C002DE9F04FD0F814A01524017E8146437E28
:103B8C0083B00AEB0111384A0AEB0313374F097A59
:103B9C0093F8283002EB01150901E86852F801800E
:103BAC0002EB0311D5F804B01B01CE68D558CBF845
:103BBC000040C8F88400D8F804304A6803432C4904
:103BCC000192C8F804301460C5F884606B68334304
:103BDC006B60284B4C683A68A3FB0232920C02EBE8
:103BEC00820252004B681B1B9A42FBD84FF0090C07
:103BFC001F4ADFF880E0D8F80830034202D0AB68E7
:103C0C0033422FD1C5F8886054683968AEFB013156
:103C1C00890C01EB810153681B1B9942FBD8C5F839
:103C2C00846054683968AEFB0131890C01EB810169
:103C3C0053681B1B9942FBD8BCF1010CDBD16046CD
:103C4C0099F81830019A0AEB0313DB68CBF80030B3
:103C5C0099F819300AEB031ADAF82C30136003B018
:103C6C00BDE8F08F0120EBE7100700207C0C002052
:103C7C00001000E083DE1B430E4A10B51168046986
:103C8C0005E0DB0107D413685B1A102B08D86369B5
:103C9C0013F0007FF5D14FF4FE430120636110BD9A
:103CAC00FFF766FF0028FAD04FF4FE430120636152
:103CBC00F5E700BF2C2900202DE9F04790F82FA143
:103CCC000569BAF1000F4FD081468846FFF7D4FF43
:103CDC00002849D0374E0024376818E06B69190565
:103CEC0051D4DA0455D4580559D4990441D43268C6
:103CFC00D21B322A3DD8544507D9EA6D520704D15C
:103D0C009B0555D4B8F1000F52D004F0D3F85445AC
:103D1C00E4D8EA6D500702F00703DFD413E099F8FA
:103D2C00A5200133022442F48062042B2A661ED0A3
:103D3C008A4503F1010309EB01020ED992F8A52083
:103D4C00042B2A66CAD00121002CE8D0214601336D
:103D5C0001348A4509EB0102F0D8B8F1000FBDD04F
:103D6C004FF400732B66B9E70420BDE8F0870124FB
:103D7C00B4E72B694FF40072042043F440732B61B9
:103D8C002A66BDE8F0872B69042043F440732B614D
:103D9C00EBE72B69052043F440732B61E5E72B69B6
:103DAC004FF40072022043F440732B612A66DCE767
:103DBC000020DAE72C2900202DE9F84F83460C4629
:103DCC0015461F46D0F810A0FFF756FF002800F04C
:103DDC009E806100012DDFF83C8140F20146CBB2A0
:103DEC004FF0000138BF0125D8F800900C461E4357
:103DFC00ABF8A21020E09BF8A330872B3FD9DAF860
:103E0C00142010055AD412F4105F70D1D8F8003079
:103E1C00A3EB0903322B6AD89BF8A330AB4209D32E
:103E2C00022C07D9DAF85C30590703D193054BD42F
:103E3C00002F49D004F03EF8022CDCD8DAF85C30C4
:103E4C0003F007025B07D6D4681E224440F480704E
:103E5C004CB9CAF860600134131B032BCBD8022C6D
:103E6C00C9D8002CF5D0012C37D01FB14FF40073FA
:103E7C00CAF860309BF8A3300324872BBFD8DAF83C
:103E8C005C2012F4E02FC2F3024CB8D0591C9C44B5
:103E9C001933C9B25FFA8CFC5BFA83F3DAF8700061
:103EAC004A1C61458BF8A310D1B203F8010FA6D0C0
:103EBC008929F3D1DAF814201005A4D5DAF81030DA
:103ECC0043F44073CAF81030DAF85C3013F4E02F86
:103EDC0006D19BF8A300BDE8F88FCAF86000BAE7DA
:103EEC00DAF8103043F40073CAF81030F1E7DAF85E
:103EFC0010304FF4007243F44073CAF81030CAF813
:103F0C006020DAF85C3013F4E02FE2D0E8E704200C
:103F1C00BDE8F88F2C290020F8B506690446D6F8C0
:103F2C00145115F4706301D0C6F81431A8070BD5E1
:103F3C00D6F8702111043DD50023012184F8A2305C
:103F4C00234484F8A3109A76EA0710D594F83071BC
:103F5C00F7B194F82E7194F82F31BB4226D97B1C03
:103F6C00274484F82E3197F8A530C6F86031AB059C
:103F7C000DD594F8A30018B1D4F83C3103B198478F
:103F8C000023A4F8A230A4F82E3184F83031F8BD07
:103F9C00D4F8383103B19847002384F82E3101232B
:103FAC0084F8303194F82F31BB42D8D80023C6F8AE
:103FBC006031DCE794F8A330872BC5D8591CC9B203
:103FCC00BEE700BF0148FFF7A7BF00BFF40C0020FD
:103FDC000148FFF7A1BF00BF340E00200148FFF7D6
:103FEC009BBF00BF740F0020704700BFD0E91B209F
:103FFC00101A7047826C1F2A01D90020704710B428
:10400C000346541C024401209C6482F825105DF880
:10401C00044B7047D0E91B23934205D25A1C03442E
:10402C00026793F84C0070474FF0FF30704700BFA9
:10403C00D0E91B23934203D2184490F84C007047EC
:10404C004FF0FF30704700BF0023026A10B50446E2
:10405C00A0F8741083640AB19047A26C606904F1F3
:10406C0025010368BDE81040DB69184730B4002512
:10407C00C469A0F87420C0E91B151CB1234608467E
:10408C0030BC184730BC704738B5836C0446C3F15C
:10409C002000904201D2002038BD04F125001546C5
:1040AC00184402F051FBA36C28462B44A36438BD82
:1040BC0003680988D3E900209B6810F0010F02D136
:1040CC0003EB600010474FEA600C03EB600053F801
:1040DC000C309A58104700BF03680968128810B456
:1040EC00D3E900409B6810F0010F05D103EB600091
:1040FC0023465DF8044B18474FEA600C03EB600055
:10410C0053F80C301C5923465DF8044B184700BF7C
:10411C00012A38B5044603D10B680360002038BD72
:10412C00022A0CD0032A03D0002AF7D10260F5E74B
:10413C0000680028F2D00C2102F0A2FBEEE70D681B
:10414C000C2002F09BFB034695E80700236083E8F4
:10415C000700E3E7012A38B5044603D10B68036076
:10416C00002038BD022A0CD0032A03D0002AF7D134
:10417C000260F5E700680028F2D00C2102F080FB09
:10418C00EEE70D680C2002F079FB034695E807007A
:10419C00236083E80700E3E770B54FF47A730025DA
:1041AC00202601610F49044605738161294642614D
:1041BC00324680F82450C0E901530B4BC0E9075537
:1041CC000360253004F030FD3246294604F14C00E2
:1041DC00A56404F029FDFF232046A4F87430C4E93B
:1041EC001B5570BDA08601002805002010B50446A3
:1041FC00006984B003685B68984760690368DB6892
:10420C00984760690023694602681269CDE900335A
:10421C00CDE902339047029B1BB1032269466846E5
:10422C00984760690023694602685269CDE90033FA
:10423C00CDE902339047029B1BB169460322084625
:10424C00984704B010BD00BFF0B5044685B0FFF729
:10425C00CDFF2022606904F14C01002503681B6A24
:10426C00984766690C2033681F69CDE90055CDE984
:10427C00025502F003FB194A034669463046009387
:10428C001A60C3E90154164B0393164B0293B847BB
:10429C00029B1BB103226946684698476669002554
:1042AC000C2033685F69CDE90055CDE9025502F069
:1042BC00E5FA0D4A03466946039230460B4A0093D1
:1042CC0002920B4AC3E901541A60B847029B1BB116
:1042DC00694603220846984705B0F0BDFD21000051
:1042EC0069220000E522000041220000A12200000A
:1042FC00D921000010B5044682B00191FFF7A4FF4C
:10430C006069019903681B6802B0BDE8104018474A
:10431C0008B5084A08490948FFF73EFF084A094909
:10432C000948FFF739FF094A09490A48BDE808401E
:10433C00FFF732BF44210020A820002018270020BE
:10434C00B4210020DC200020902700202422002013
:10435C001021002008280020006A70470023C16249
:10436C0043630263704700BF0023016283624262B1
:10437C00704700BF436A652B0BD0436A632B06DD85
:10438C000369586980F08070C0F3006070470020AA
:10439C0070470120704700BFF0B587B000238F68CD
:1043AC00054602AC02930593C4E9013317B30E46DC
:1043BC0002222046B847D6E9027C94E803006A46FC
:1043CC0005F1600382E8030093E8030084E803002E
:1043DC0092E8030083E80300AB6EEA6EAF660493C9
:1043EC00C5F86CC005921BB10322214620469847A4
:1043FC0007B0F0BDBC46E0E7D0E9041330B493F845
:10440C004C30002440F202350B4A4FF0010C0B48A3
:10441C000D6102EB53120C61C1F810519200C1F8FE
:10442C00104103F01F0110330CFA01F1116040F838
:10443C00234030BC704700BF60380038001C00209F
:10444C00D0E9041330B493F84C30002440F2023518
:10445C000B4A4FF0010C0B480D6102EB53120C612F
:10446C00C1F810519200C1F8104103F01F01103334
:10447C000CFA01F1116040F8234030BC704700BFCA
:10448C0060380038001C00200D4A836E10B50446BD
:10449C00026023B100F16001032208469847A36D26
:1044AC0023B104F15001032208469847A36C23B1B1
:1044BC0004F14001032208469847204610BD00BF76
:1044CC00A4050020F0B587B000238F68054602AC28
:1044DC0002930593C4E9013317B30E46022220461A
:1044EC00B847D6E9027C94E803006A4605F150030C
:1044FC0082E8030093E8030084E8030092E80300D9
:10450C0083E80300AB6DEA6DAF650493C5F85CC03E
:10451C0005921BB1032221462046984707B0F0BDF7
:10452C00BC46E0E7F0B587B000238F68054602ACC7
:10453C0002930593C4E9013317B30E4602222046B9
:10454C00B847D6E9027C94E803006A4605F14003BB
:10455C0082E8030093E8030084E8030092E8030078
:10456C0083E80300AB6CEA6CAF640493C5F84CC0F1
:10457C0005921BB1032221462046984707B0F0BD97
:10458C00BC46E0E710B5C363642400234261114AC2
:10459C0000F1400E43608461032401610E49838362
:1045AC0001624362C162836280F838300363036442
:1045BC004363C366C0E90224084CC0E911330460AC
:1045CC00C0E91333C0E91533C0E91733C0E9193317
:1045DC0010BD00BF100801001C230020A405002002
:1045EC0084B02DE9F04106AC84E80F001E491B9BFA
:1045FC008A6B9DF830C022F478020D9DDDE90E47E0
:10460C008A63079902689DF820E00A43DDF82C8044
:10461C000260DDE9090103B39B03144A1A9E9BB2A5
:10462C0032401343124A43F4405302EB0E1EDEF8A1
:10463C000860DEF804E03360CEF8000009B1C1F880
:10464C00008002EB0C1291680B6053681D6004B182
:10465C002760BDE8F04104B07047054A034B1A9E31
:10466C0002EB0E1E3340E2E700C00F40F9080100D8
:10467C001007002003695A6912F4705F30B42FD010
:10468C00550558D4140504D54FF4006401215C6120
:10469C004160D10405D54FF480515961416800291E
:1046AC007EDD950404D54FF4005405215C61416016
:1046BC00416A022914D002245E4944629C6924F0A8
:1046CC0001049C611C6944F480741C611C6944F4F1
:1046DC0000741C615C692140B1F1807F00F0958011
:1046EC00940508D59969662421F0010199614FF46C
:1046FC0000714462596191070FD5816A39B3016A1F
:10470C0009B3416A012900F08480196941F40071F0
:10471C001961016AC369994234D0836A4BB9D207D3
:10472C0007D5036A13B9012243604262436A012B25
:10473C0039D030BC70474FF480615961416AF1B98E
:10474C00092141609EE7012441604462D9E70224BB
:10475C00384944629C6924F001049C611C6944F44E
:10476C0080741C611C6944F400741C615C692140F8
:10477C00B1F1807FD1D14FF400711966CDE70A21D8
:10478C0041607FE70369D96D01F0070101290CBF76
:10479C00022165214162196921F001011961BCE70F
:1047AC00072141607DE70469E26D036AC16902F08B
:1047BC0007029942C2F104020FD972B1856901E076
:1047CC0099420AD2036A013A03F101010162EB5CDE
:1047DC00DBB22366016AC369F2D1026AC3699A42E9
:1047EC00A7D1E36D5B07A4D1A36923F00103A361F7
:1047FC0090F82C30D3B102224FF40073426223663E
:10480C00236923F00103236193E74FF400711966C8
:10481C0066E71B6F046AC1698C423FF47AAF016A88
:10482C00DBB284694D1C0562635472E765234362F5
:10483C00E6E700BF000200010148FFF71BBF00BF05
:10484C00102100200148FFF715BF00BFDC2000201D
:10485C000148FFF70FBF00BFA8200020F8B5036880
:10486C000446344D0E469B681746AB4225D1436A2D
:10487C00652B54D0436A632B036922DD5A69D1013D
:10488C001FD40020A76260606062DA6D520730D1DD
:10489C00DA6D12F4E02F2CD15A6947F603707100CF
:1048AC0002400120C9B25A6141EA07021C6942F474
:1048BC00806204431C611A66F8BD9847236900287E
:1048CC00DFD199691C4A21F001019961196941F400
:1048DC0080711961196941F40071196159690A40B3
:1048EC00B2F1807F1DD006226423002062606362D7
:1048FC00F8BD0821104A6160996921F001019961A4
:10490C00196941F480711961196941F400711961D7
:10491C0059690A40B2F1807F07D00020F8BD0369C5
:10492C00AFE74FF400721A66DDE74FF40072002017
:10493C001A66F8BD0525000000020001F8B5164600
:10494C00002204461D469DF81870FFF787FF58B1EA
:10495C005DB100232269A6612362E56184F82C70A5
:10496C00936943F001039361F8BD012123694FF46E
:10497C000072A1621A66F8BDB3F5807FF8B50546E2
:10498C009DF8187002D904234360F8BD1646012225
:10499C001C46FFF763FF0028F7D074B100222B6987
:1049AC00AE612A62EC61013C44F480741C66002FF9
:1049BC00EBD04FF400721A66F8BD2B694FF40072FD
:1049CC001A66F8BD114B994230B418D9104B114CE2
:1049DC009942114B114988BF1946114B114A92BF8C
:1049EC00012522460025104C88BF1C4603699C6497
:1049FC005D629962DA629A6C30BC1A6570474FF44A
:104A0C00DC320A4903250A4CF0E700BF7F1A060086
:104A1C003F420F0000BC0D000100060601000F0F05
:104A2C00240E130C00DE06002A17150B09000F0FBD
:104A3C0025222C072DE9F04304462C4A88460126F2
:104A4C00002740F20235DFF8AC9093B0D0E90403B4
:104A5C0093F84C30056102EB531203F01F01103335
:104A6C000761920006FA01F1C0F81051C0F81071FC
:104A7C00116049F823706569EC46E36805F1100E86
:104A8C001193A3681093BEE80F00ACE80F00BEE8CA
:104A9C000F00ACE80F00BEE80F00ACE80F009EE87A
:104AAC000F008CE80F0095E80F00FFF799FD2369C4
:104ABC00414620469F65FFF785FF95F84C30226BE9
:104ACC00103349F82320626943F60260084B92F8D0
:104ADC004C20216903EB521302F01F0288619B00EA
:104AEC0096401E6013B0BDE8F08300BF60380038FC
:104AFC0040380038001C002003682DE9F041DB68C9
:104B0C0016463B4A92B004460F4693426CD1394A42
:104B1C00012540F2023CDFF8E880D0E9041393F859
:104B2C004C30C1F810C003F01F0002EB53121033CD
:104B3C008540920000200861C1F810C1C1F8100135
:104B4C00156048F823006569EC46E36846F00606F4
:104B5C0005F1100E1193A3681093BEE80F00ACE89A
:104B6C000F00BEE80F00ACE80F00BEE80F00ACE889
:104B7C000F009EE80F008CE80F0095E80F00FFF780
:104B8C002FFD002195F84C20236961604FF4407192
:104B9C00C3F840711032C3F828111749D3F8280113
:104BAC000143C3F82811E16BD3F82801C3F828019D
:104BBC00C3F8246148F82210626901210F4B92F866
:104BCC004C20206940F2033403EB521302F01F0215
:104BDC00C0F8184101FA02F29B0011211A60C0F8CA
:104BEC00101112B0BDE8F081DFF814809847AAE7E5
:104BFC00892500006038003800000606403800386F
:104C0C00001C00204900002201F0FE01FFF774BFD8
:104C1C00134649004FF400325B04C9B203F47E031F
:104C2C001943FFF769BF00BF134649004FF4C02278
:104C3C005B04C9B203F47E031943FFF75DBF00BFE9
:104C4C00836910B5044682B08BB9836C5BB1806A02
:104C5C000DF10202A18B019004F14000ADF802109D
:104C6C0001A9E36C98476423A36102B010BD83696A
:104C7C00012BF8D10022836E80F83820002BF2D063
:104C8C00828B01A9C36E6030ADF804209847EAE727
:104C9C00036930B5D3F8145183B004466A0704D5C0
:104CAC00D3F85021C2F34902828315F4407F6ED1B0
:104CBC00AB0717D52369D3F87031180405D500223A
:104CCC006260616A09B1A262A261626A002A59D06B
:104CDC00A16A626A91426ED0A26ADBB2216A501C50
:104CEC00A0628B54E90725D5A369632B3EDD002117
:104CFC000122A36D6160A26143B1A28B0DF106018B
:104D0C00E36D04F15000ADF806209847236B002B9F
:104D1C002FD000236363626B236B9A423FD32269CB
:104D2C00002194F83830C2F86011002B46D10123D1
:104D3C0084F838302A0503D46B0508D403B030BD91
:104D4C0023694FF40062C3F814216B05F6D5216971
:104D5C004FF4806065220B23C1F814012046A26138
:104D6C00636003B0BDE83040FFF76ABF236B002BD4
:104D7C00D1D1226900210323C2F860112A05636096
:104D8C00DAD5DDE7022264236260A361AAE74FF45F
:104D9C0040722046C3F81421FFF752FF88E7636B7B
:104DAC00E26A591C6163D35C2269DBB2C2F86031E0
:104DBC002A05C1D5C4E70223636093E7032363602C
:104DCC00B8E700BF0148FFF763BF00BF24220020F3
:104DDC000148FFF75DBF00BFB42100200148FFF779
:104DEC0057BF00BF442100202DE9F84FDFF840C128
:104DFC000023DFF840E14FF0640B3E483E4C3F4F40
:104E0C00CCF80840CEF808408460032407613C4F7E
:104E1C00CCF80C403B4E3C493C4ACEF80C40C460AC
:104E2C0047613B4C3B4FCEF80430CEF81010CEF817
:104E3C001C30CEF81420CEF82030DFF8FC80CEF8F1
:104E4C0024B0DFF8F890CEF82830CEF800408EF879
:104E5C002C30CEF81860CEF83070DFF8E4E0CCF8E7
:104E6C000430CCF80040CCF81C30CCF81860CCF8EE
:104E7C002030CCF81080CCF824B0CCF81490CCF8BE
:104E8C002830DFF8C0A08CF82C3004604360CCF8DC
:104E9C0030E0C3610362C0F824B0836280F82C3028
:104EAC001D4B1E4D1E4CDFF8A0B0866103635046AF
:104EBC001C4BFFF767FB2A462146504603F0ACF823
:104ECC004A464146184BDFF884805846FFF75AFB98
:104EDC002A462146584603F09FF8094A074940469E
:104EEC00124BFFF74FFB2A4621464046BDE8F84FD0
:104EFC0003F092B8102100201008010000C03F40C0
:104F0C002C1600201C23002000003F408C15002094
:104F1C00D0050020E1290000C92900001C11002047
:104F2C00192600006D2F0000612F0000552F000086
:104F3C00DC200020A820002000803F40DC15002051
:104F4C00D529000044210020B42100202422002077
:104F5C0001207047B0F84630B0F848209BB292B2AE
:104F6C00934202D2013AD01A7047416B01390A447C
:104F7C00D01A7047016972B6B0F84A20B0F84C30BC
:104F8C0092B29BB29A423CBF806B1218C86AD31A79
:104F9C0062B6C0F302601844704700BFB0F84A1004
:104FAC000246B0F84C3089B29BB2994210B40469F5
:104FBC0014D00133906B116B984298BF0023994227
:104FCC0006D85B1A526AD05CC0B25DF8044B7047CD
:104FDC00126A5DF8044BD05CC0B2704772B6B0F880
:104FEC004A0080B2814201D062B6E2E7E36A13F074
:104FFC00E06F03D14FF0FF3062B6E6E7E3690120C2
:10500C000024116AA2F84A00C3F30900DBB2A2F82B
:10501C004C404B70F0E700BFB0F84A100246B0F8B5
:10502C004C3089B29BB2994230B4046925D001331B
:10503C00946B9C4216D9106B1FFA83FC984217D9BB
:10504C00106AC05CC0B2956DA2F84CC045B19942D3
:10505C001CD3CB1AD16B994202D3D36DC5F88830CF
:10506C0030BC70474FF0000C106B63469842E7D889
:10507C00181A556A285CC0B2E5E7084672B6B2F851
:10508C004A1089B2884204D062B6D0E70C44E31AC5
:10509C00E0E7E36A13F0E06F03D14FF0FF3062B644
:1050AC00DEE7E069C0F30900F9E700BF90F844308F
:1050BC0043B110B5044602F0FDFE94F84430002BC9
:1050CC00F9D110BD704700BF38B5D0E90453D3E90E
:1050DC0003120968114228D090F84420044632B1DA
:1050EC0002F0E8FE94F84430002BF9D163690021FA
:1050FC000E4AA961207E03EB0010007D02EB00102C
:10510C00456805202860657E03EB051393F8343061
:10511C0002EB0312A36D52681060A4F84A10A4F8B5
:10512C004C1013B1E26DC3F8842038BD1007002079
:10513C0007EE901A9FED9A7A0421B6EE005AF8EE1B
:10514C00677A9FED986A41F6FF7CC7EE275A2DE9E6
:10515C00F0478E460569012407EE901AF8EEE77ABF
:10516C0085EEA77A77EE057AFDEEE77A17EE903AA0
:10517C006345A8BF6346012BB8BF012307EE903AE5
:10518C00F8EEE76A76EEC76AC6EE877AF5EEC07A75
:10519C00F1EE10FA48BFF1EE677AF4EEC67AF1EE52
:1051AC0010FA03D8B0EE676A8E461C4601312129ED
:1051BC00D2D10021436902F40076A0F84A10B3F86A
:1051CC005AC08E42A0F84C10B3F85860A0F84610A4
:1051DC00A0F8481080F84410816BDF68A1EB06063C
:1051EC00A1EB0C01C0E90F6139681E6941EA0601A7
:1051FC00396014BF01210021817640F0AC80017E22
:10520C00694E03EB0118DFF8C09198F81470D8F8C8
:10521C001CA006EB0717B968C1F800907968D8F89C
:10522C0018700F60BAF1000F03D0D8F82010CAF82C
:10523C000010477ED92103EB071898F834C006EB11
:10524C000C1CDCF808703960DCF80410D8F83870E5
:10525C000F60417E03EB0111CF6B0FB1096C39600C
:10526C000EF1FF31BEF1080F4FEA0161CCBF4FF0D8
:10527C00000E4FF0010E01F0F85144EA4E44214368
:10528C005C682961597801F110030021E9604749F4
:10529C0041F8234041694FF0010E454C02F0030CDC
:1052AC004F7891F85610434B39554FF0021744691B
:1052BC00617803EB511301F01F019B000EFA01F111
:1052CC001960EF62AB6A43F08803AB6253073ED4BC
:1052DC004CF4701302F00F01042908BF43F0804313
:1052EC0097062ED5817E43F0805300293AD11607BC
:1052FC00AB6103D52B6943F000532B616B69D1066D
:10530C0023F0805348BF43F080536B61D30503D522
:10531C002B6943F400532B61A36883B1264E347878
:10532C00002C3AD0611E254DC9B22B1F05EB810113
:10533C0001E0994225D053F8042F9042F9D1BDE8F1
:10534C00F087817E0029D2D043F0A003CFE71C4B1D
:10535C004CEA0303BEE7477E4FF2D901124E03EB32
:10536C0007186AE7417E43F0A00304EB011191F8A2
:10537C00341006EB0116B668316821F440413160F7
:10538C00B5E7631CDBB20F4A3370137845F8240081
:10539C0043F002031370BDE8F0870123074DF2E7D9
:1053AC00001BB74BEC78AD6010070020001C0020F0
:1053BC0000E400E04038003861290020442300203C
:1053CC0010003C007329002038F00100EFF313802B
:1053DC00B8B9EFF310834BB9EFF305823AB94FF438
:1053EC008073EFF3118050B1984208D270470F2AA6
:1053FC00F7D9054B9B5CEFF311800028F4D11846CC
:10540C0070474FF0FF30F1E7F0E300E0036D2DE95A
:10541C00F04104460F46066913B1426DC3F884206F
:10542C00A37E2BB172B6B36943F00053B36162B67D
:10543C00B4F84650636BADB20135AB424CD84FF06B
:10544C0000084546B4F848309BB29D4219D028E07C
:10545C0073691B0210D5B4F84830626B9BB20133F0
:10546C009A4236D99AB2E16A99422DD9E169CB5C5C
:10547C00DBB2F361A4F84820B4F848309BB2AB42DD
:10548C000FD1FFF7A3FF6369B3F856308342DFDA1D
:10549C00FF28F1DD02F00EFDB4F848309BB2AB42B0
:1054AC00EFD0E36AAB421AD9FFB2E3695F5572B62B
:1054BC00012084F84400A4F84680B36943F4000347
:1054CC00B36162B6BDE8F0815B1AA16ACB5CDBB25A
:1054DC00CFE700221346C6E71FFA85F8B2E7ED1AAC
:1054EC00FFB2A36A5F55E2E7FFF790BF0269536909
:1054FC0013F4401F70B543D0D36A13F0E06FC3F3BD
:10550C00026E3AD0B0F84A50B0F84C60ADB2B6B2B8
:10551C0007E0016A01F803C00EF1FF3313F0FF0E30
:10552C001DD0D1696B1C846BB0F84CC0C1F3090160
:10553C009C4298BF00231FFA8CFC9C45ECD0046B5A
:10554C005FFA81FC1D469C42A3EB0404E1D8436A3C
:10555C0003F804C00EF1FF3313F0FF0EE1D1ABB230
:10556C00A0F84A30836D43B1B54254D3AD1B016CE6
:10557C00A94202D8C16DC3F884105369D90245D42D
:10558C009669330228D553691D0225D5B0F84650CB
:10559C00B0F84830ADB29BB206E0C169C95CC9B283
:1055AC00D161D16A4C0512D4AB4238D0446B013373
:1055BC00C16A9C4298BF00239942A3EB0104ECD82A
:1055CC00816A095DC9B2D161D16A4C05ECD599B239
:1055DC00AB42A0F8481025D0710216D553695B0276
:1055EC0013D50021036D80F8441013B1416DC3F83D
:1055FC008810837E2BB172B6936923F000539361AC
:10560C0062B6936923F48003936170BD536943F4CC
:10561C0080135361B4E7816B891B0D44A7E79BB2E0
:10562C00A0F84830936923F400039361936943F421
:10563C0080039361D0E700BF0148FFF757BF00BF5D
:10564C00940C0020084602F0A1BB00BF012A70B5E3
:10565C0008BF0A228AB091B34FF0210E01E05FFA25
:10566C0086FE0EF1FF36B1FBF2F502FB15145FFA64
:10567C0084FC092C0CF137040CF1300C98BF5FFA48
:10568C008CF40EF1280C88BFE4B29142EC4429460C
:10569C000CF8244CE3D24BB10EF1FF3E2D225FFAF5
:1056AC008EFE0EF128036B4403F8242C036801A929
:1056BC00CEF122025B68714498470AB070BD30226B
:1056CC004FF0210E8DF82520E5E700BF2DE9F041C4
:1056DC000C46D1B1EAB180468E1800250E4F04E07D
:1056EC0002F054FBB44205440CD0D8F8003014F846
:1056FC00010B1B68BB42F3D0014640469847B442AD
:10570C000544F2D12846BDE8F0810D462846BDE897
:10571C00F0811546F6E700BFD53700002DE9F041C2
:10572C008C688AB0DCB10025884606462F462B468D
:10573C00212201A9404600F01BFA202C2246336896
:10574C0028BF202201A930465B68A41A154498474B
:10575C000744002CEBD138460AB0BDE8F08127464F
:10576C0038460AB0BDE8F081002903DB00230A2289
:10577C00FFF76CBF49422D230A22FFF767BF00BF1A
:10578C0000B5036883B040F60D2C022201A95B68BA
:10579C00ADF804C0984703B05DF804FB5AB9036830
:1057AC00C9B2074A1B68934200B506D108465DF89A
:1057BC0004EB02F0EBBAFFF749BF5DF804EB1847B6
:1057CC00D537000000000000B4EE400B70B5F1EED0
:1057DC0010FA05462DED028B86B07CD6B0EEC07B60
:1057EC009FED476BB4EE467BF1EE10FA6BDC9FED50
:1057FC00467BB4EEC70BF1EE10FA5ADC9FED447BFE
:10580C00B4EEC70BF1EE10FA53D4B5EEC00B0C4648
:10581C00F1EE10FA5BD40023B6EE007B002C5ED0C8
:10582C004FF0000C9FED3C6B0CF1010C27EE067B4E
:10583C005FFA8CF2A242F7D330EE070B0A2228460D
:10584C00FCEEC07BB8EE678B17EE901A30EE488BEF
:10585C00FFF7FCFE0F2C4FF02E03B2EE046B064646
:10586C0028BF0F248DF808300DF1090302AA611E20
:10587C0053FA81F128EE060BFCEEC07BCDED017ADC
:10588C009DF8043007EE903A3033B8EEE78B02F80F
:10589C00013F914230EE488BECD12B68013402A9C8
:1058AC0028465B68E2B29847304606B0BDEC028BE6
:1058BC0070BD2B6803221A495B6806B0BDEC028BE5
:1058CC00BDE870401847036803221649F4E7B1EEAF
:1058DC00400B0123A0E7036803221349ECE730EEE9
:1058EC00070B0A222846FCEEC07B17EE901A06B076
:1058FC00BDEC028BBDE87040FFF7A8BEAFF3008093
:10590C00FFFFFFFFFFFFEF7F000000E0FFFFEF4115
:10591C00000000E0FFFFEFC19A9999999999B93F5E
:10592C001C050020180500201405002002F01EBAEA
:10593C0002F0B6B92DE9F04790460027184C8A467C
:10594C0008F1FF38174E0021814600F02DF825682C
:10595C000BE002F00BFA002810DA02F0ABFA236825
:10596C00DAF808205B1B934213D2DAF800305B693B
:10597C00B342EED0504698470028EEDB06D00137F4
:10598C00C1B2484600F0CEF84745E0D94846BDE8DC
:10599C00F087012348468AF80C30BDE8F08700BF39
:1059AC002C290020BD3A0000F8B500260446C0E9B9
:1059BC000066866029B108460D4603F039FC07469F
:1059CC0008B92046F8BD013002F030FB0028F8D0B1
:1059DC00294606702060C4E9017703F0C7FB204616
:1059EC00F8BD00BFF8B588424FF00005044685604D
:1059FC00C0E9005502D08E680F680EB92046F8BD7C
:105A0C00701C02F013FB0028F8D03946057020609A
:105A1C00C4E9016603F0AAFB2046F8BD10B50446A4
:105A2C00006802F00BFB204610BD00BFF8B5044621
:105A3C00154632B9036803B11A7000232046A360DF
:105A4C00F8BD43680E469A421CD9511C006802F0FE
:105A5C00B9FD074660B1A368C4E900050BB9037032
:105A6C00276831463846A56003F080FB2046F8BD18
:105A7C00206810B102F0E2FA276000232046C4E946
:105A8C000133F8BD07683146A560384603F06EFB5C
:105A9C00ECE700BF814203D08A680968FFF7C6BFF4
:105AAC00704700BF2DE9F843044600680D461646C2
:105ABC008842A36809D8C218914206D20F1A4FF037
:105ACC00010936B92046BDE8F8834FF00009002ED5
:105ADC00F8D003EB0608626890450CD908F1010177
:105AEC0002F070FD0028EDD0A368C4E9000813B9DA
:105AFC0003702068A368B9F1000F08D12946184437
:105B0C0003F034FB2046C4F80880BDE8F883324625
:105B1C00C119184400F018FE2368002203F808206D
:105B2C00F0E700BF10B582B00023044601228DF8C7
:105B3C00041001A98DF80530FFF7B4FF204602B020
:105B4C0010BD00BF826808B50B463AB161B1006860
:105B5C0003F0A2F9B0FA80F0400908BD31B1187811
:105B6C00B0FA80F0400908BD0368F8E7012008BDD1
:105B7C00C2B170B5B1FA81F60C46760919B18568D7
:105B8C009D4201D80E7070BDED1A02F1FF3C016808
:105B9C0020466545194428BF65462A4603F0FCF8A3
:105BAC00665570BD704700BF83683BB110B5046883
:105BBC00204603F08BF820B1001B10BD4FF0FF30D6
:105BCC0070474FF0FF3010BD2DE9F0418F680E4645
:105BDC000546974202D213463A461F460023AB6055
:105BEC00B0689042C5E9003314D38742316828BFAE
:105BFC00074611F80780CB5533689C180DD020460A
:105C0C0003F016FB214602462846FFF70FFF3368C8
:105C1C0003F807802846BDE8F081AC60F8E700BFC8
:105C2C009A422DE9F04105460E4602D911461A4614
:105C3C000B460021A960B7689742C5E9001114D33F
:105C4C009F4228BF1F46336813F80780D955336825
:105C5C009C180DD0204603F0EBFA2146024628464C
:105C6C00FFF7E4FE336803F807802846BDE8F081AF
:105C7C00AC60F8E710B504460846A1680AB1814249
:105C8C0001D8204610BD00EB020C61450ED38B1AD7
:105C9C0061461A1AA36023681944184402F048FF9D
:105CAC002268A36800212046D15410BD034600226F
:105CBC00F0E700BF2DE9F04107680646E7B18468BC
:105CCC00D4B1B846454618F8010B02F029FF00285C
:105CDC00F8D1013C3C4402E0A54205D8013C2078B7
:105CEC0002F01EFF0028F7D1621CAF42A2EB0502A6
:105CFC00B26004D30023BB543046BDE8F081384673
:105D0C00294600F021FD3768B268F3E7006808B156
:105D1C0002F088B9704700BF1C2849D8F8B5254F48
:105D2C0004463B78E3B9244B1B5DFF2B29D0234A57
:105D3C0002EB041291680A6802F44050B0F5805FDF
:105D4C0030D01C061FD41E4C2360236AD80704D401
:105D5C0002F0B0F8236AD907FAD5194B586AF8BD86
:105D6C00174D184E01E002F0A5F8AB6C1B06FAD4E7
:105D7C00B36C13F08003F6D13B700F4B1B5DFF2B04
:105D8C00D5D10020F8BD0F4C03F07F032360236AAC
:105D9C00DA0704D402F08EF8236ADB07FAD5094B34
:105DAC00586AF8BD22F480521C060A60EBD4CAE78C
:105DBC000020704763290020140A002010070020DF
:105DCC0000400C4000800C40A249A34B88422DE9B6
:105DDC00F047A24C5E699A69D4F80C801BD9A04B91
:105DEC00984240F20281C31A9E491B0AA1FB03137D
:105DFC0040F22761DB0903EB830303EB830303F21C
:105E0C00E2438B4228BF0B46A3F54877964BA3FB86
:105E1C000737FF0804E0954FB8428CBF0E270627C2
:105E2C008D4908F01F09D1F88030B94543F0C00303
:105E3C00C1F880300CD228F01F08A1F5F82148EAEF
:105E4C000708C1F80C800B68002BFCDA08F01F095E
:105E5C0016F0007324D186490C698649A14300F0E1
:105E6C00EA8082F4805134464FF4805514F0605F20
:105E7C0004D026F060561E43774B5E6111F4405FF0
:105E8C0007D022F4405274492A438A618B6C1A075A
:105E9C00FCD446F00076704A5661936C9B06FCD499
:105EAC00754CA04200F2CE804FF0010C01466346C7
:105EBC0003FB011203F1010E0CF10105A24218D8EB
:105ECC00BEF1080F4FF0010340F08D80BCF1040FC0
:105EDC0000F291800A18A24200F2A48005FB00F1A6
:105EEC00AC4603F1010E03FB01120CF10105A242B9
:105EFC00E6D90CF1FF318C0286EA81215F4810440F
:105F0C005F4A90427FD9DFF8A4A16C225D48584DBE
:105F1C00B0FBFEF0D5F800E0B0FBFCF0DFF890C170
:105F2C000EEA0C0CD44509D042F400524FF4805CBC
:105F3C00C5F800C02A602A68002AFCDA464A1569AE
:105F4C0005F007059D4203D01361936CDD03FCD46F
:105F5C0011F4E05F09D026F4E05604F4E0543E4A14
:105F6C0026435661936C9907FCD44749474A014430
:105F7C0091423CD8464BC909A3FB0131090B4B1E7E
:105F8C001B0286EA030212F4407F06D026F4407608
:105F9C0003F44073304A334353612F4A536923F05F
:105FAC0000735361936C9B06FCD43A4B4F45A3FB97
:105FBC0000234FF0FF324FEA9343B0FBF1F1B2FBF9
:105FCC00F3F3354A1060354A1160354A136008D234
:105FDC0028F01F08214A48EA0707D7601368002BEE
:105FEC00FCDABDE8F087734662E7122718E74FF436
:105FFC0040730421C5E70CF1FF31204807238C02C4
:10600C00104486EA8121274ADFF8A8A0A2FB0020D1
:10601C00020D2548362A38BF362202FB00F042EA30
:10602C000A0A74E74FEA8C24002386EA8C214FF08D
:10603C00010EAC4662E71D4686F0C05411464FF087
:10604C00C05313E700244FF0010C0246314623469F
:10605C00E64653E700A4781F00C00F40000008403C
:10606C000046C32323B24C001F85EB5100366E0152
:10607C0000800D4040300080FFB19F26808D5B007A
:10608C00FF7EF64D00643F4D7FD1F0087F17B42C96
:10609C009F10E50083DE1B437C0C0020780C002055
:1060AC00FC280020819F5E16001BB7006C2000802E
:1060BC007F3001800020008000B970472DE9F84F37
:1060CC0001218146214C224D224E54E8003F2A6882
:1060DC00306844E80013002BF7D11F494B684FF48C
:1060EC007A7BDFF878A01B1A01270BFB02F8DAF891
:1060FC000020A3FB02325A4594BF9044D84454E884
:10610C00003F2A68306844E80073002BF7D14B68D5
:10611C00DAF800C01B1A0BFB02F2A3FB0C3CBCF51B
:10612C007A7F94BF624402F57A72A2EB0802B2F550
:10613C007A7F06D3B9F1010908F57A78DFD1BDE889
:10614C00F88F01F0B7FE0449D9E700BF30290020D1
:10615C002C29002028290020001000E0FC28002019
:10616C00272816D80201104B03EB00109B5810B4D3
:10617C00C2685C68144205D061B95DF8044BC3F881
:10618C0088207047836851B1084A5DF8044B1A6047
:10619C00704770475DF8044BC3F884207047044A7D
:1061AC005DF8044B1A6070471007002038F00100AE
:1061BC003830010027280BD8064B020103EB0010E6
:1061CC009A58C36892681A4214BF01200020704785
:1061DC000020704710070020272829D8164B0201F1
:1061EC00012903EB00109A5810B45368C4680ED000
:1061FC0004290CD023EA040353608368A9B1022953
:10620C0017D003290CBF0D4A0D4A1A6007E023432F
:10621C0001295360836808D040F638021A6043683D
:10622C0015225DF8044B1A60704738221A60F6E7A5
:10623C007047044A1A60F2E710070020383001005A
:10624C003800010038F0010030B4124A0020124B23
:10625C000121124D124CC2F8F032C2F8F402C2F80D
:10626C00B810C2F8A000C2F8A450C2F8B01053691C
:10627C00DB07FCD551612378DB07F0D413680549A3
:10628C0043F0010313600B68DB07FCD462B630BC2F
:10629C00704700BF00802A400504012401000F0054
:1062AC0000812A4070B50E4C4FF6FF7E0D4E04F166
:1062BC001E05A6F58053002102E0B34281B204D240
:1062CC001A88481C02337245F7D124F8021FAC42DD
:1062DC0006F58056EDD1044B01221A7070BD00BF3B
:1062EC00FE28002000101F6064290020B0F5876F85
:1062FC002CD2174B10B51B78044623B3A008154BB2
:10630C0004F00301144CA3FB0023144ADB08C3EB79
:10631C00031E9C46A0EB0E0341EA8C01FF2034F8CF
:10632C0013C01A444FEA4C0C13030CEB023CBCEBAD
:10633C00023F07D91A880233D4B28C4208BF100A24
:10634C009C45F7D810BDFFF7ADFFD7E7FF2070478E
:10635C00642900208988888800290020F001060023
:10636C00F8B50F46164672B6344B40F20641344A25
:10637C009A610222DA610022C3F8A020C3F8F0125D
:10638C00C3F8F422C3F8F822C3F8FC224FF47022AD
:10639C00C3F8A4200122C3F8B02020F01F038219F7
:1063AC00BFF34F8F4FF0E024C4F85C3F20339A4288
:1063BC00FAD8BFF34F8FBFF36F8F204D6B69DA079D
:1063CC00FCD501231F49B2B220F07F406B6142F42F
:1063DC007022C5F8F01242F20121184CC5F8F412E3
:1063EC00C5F8BC30C5F8A000C5F8A420C5F8B0307D
:1063FC00154D01E05B0609D4636913F00100F9D077
:10640C0041236361BDE8F840FFF71EBF082E0AD890
:10641C0036B13246394637440646284600F094F9E0
:10642C0040236361E8E7A6F10800082639463246A6
:10643C0037440646284600F087F9F1E700802A40E9
:10644C00F05AF05A3204180880812A4010B472B6FF
:10645C00284B0221284C00229C614FF47024D961F6
:10646C0040F20641C3F8F0120121C3F8F422C3F83C
:10647C00F822C3F8FC22C3F8A020A2F58052C3F87E
:10648C00A4400240C3F8B010BFF34F8F02F5805107
:10649C0002F120034FF0E02C994234BF01218021FE
:1064AC0002EB41118B42CCF85C2F1A4603F120030E
:1064BC00F8D1BFF34F8FBFF36F8F0E4A5369D907D3
:1064CC00FCD501240D490E4B54610340C2F8F01267
:1064DC004FF470200749C2F8A030C2F8A400C2F8EB
:1064EC00B0404B69DB07FCD501235DF8044B4B61D5
:1064FC00FFF7AABE00802A40F05AF05A2004180870
:10650C0000F0FF00B0F5876F80F08680444B2DE9DA
:10651C00F0471B78C2B005468946002B79D0AB08F2
:10652C00404E05F00305404FA6FB0326F60845EA4E
:10653C008605C6EB06169E1B3C4B37F816403344BB
:10654C0060004FEA033800EB0330B0EB033F64D933
:10655C0043464FF0FF0C1A880233D1B2A94208BF50
:10656C004FEA122C9842F6D8E14541D0B4F5006FB1
:10657C0041D302AC4FF48072FF21204602F054FB51
:10658C0008F5805008F102034246984234BF0120BE
:10659C004FF4006008EB4000134602321B88824225
:1065AC00D9B24FEA13236354F6D104F805900DF1D8
:1065BC0007090DF2071A00254C464046FFF746FF27
:1065CC0014F801CF08EB450002220DF10601631E01
:1065DC00BCF1FF0FA3EB090306D043EA0C230135F2
:1065EC00ADF80630FFF7BCFEA245E9D127F81650EE
:1065FC0042B0BDE8F08745EA092502A90222013420
:10660C00ADF80850FFF7ACFE27F8164042B0BDE8D5
:10661C00F087FFF747FE82E770474FF0FF0CA3E7C8
:10662C00642900208988888800290020F001060050
:10663C00704700BF272858D80001F0B4344C354DB2
:10664C002358AB4256D049D8B3F1844F4BD0A5F563
:10665C008045AB4240D1304D2044304E304CC4F8D4
:10666C00B462D0E901C4C0684FF0E0264FF0005787
:10667C00042AC6F810712FD85E6926EA00065E61FE
:10668C004FF00506CCF80060266846F4803626608C
:10669C005C6824EA00045C60224C54F8224090FAB6
:1066AC00A0F2B2FA82F245F822106FEA00011DD076
:1066BC00DD690F2A01EA0501D9611DDC52000325B1
:1066CC00D968944005FA02F221EA02022243DA6008
:1066DC0098615A6902435A61F0BC7047124DAB4243
:1066EC00FAD1124DB8E7124DB6E77047DA6902439A
:1066FC00DA61EDE70F4DAFE7103A03251969520047
:10670C00944005FA02F221EA020222431A61DFE701
:10671C001007002000800042FC1600202100000021
:10672C00001C00208002002000C00042FC1700204A
:10673C007C1600207C17002008B5FCF785FBFCF7C5
:10674C003FF901F0B7FBFAE7844641EA000313F086
:10675C0003036DD1403A41D351F8043B40F8043B5C
:10676C0051F8043B40F8043B51F8043B40F8043B1F
:10677C0051F8043B40F8043B51F8043B40F8043B0F
:10678C0051F8043B40F8043B51F8043B40F8043BFF
:10679C0051F8043B40F8043B51F8043B40F8043BEF
:1067AC0051F8043B40F8043B51F8043B40F8043BDF
:1067BC0051F8043B40F8043B51F8043B40F8043BCF
:1067CC0051F8043B40F8043B51F8043B40F8043BBF
:1067DC0051F8043B40F8043B403ABDD2303211D35F
:1067EC0051F8043B40F8043B51F8043B40F8043B9F
:1067FC0051F8043B40F8043B51F8043B40F8043B8F
:10680C00103AEDD20C3205D351F8043B40F8043B5E
:10681C00043AF9D2043208D0D2071CBF11F8013B5C
:10682C0000F8013B01D30B8803806046704700BF22
:10683C00082A13D38B078DD010F003038AD0C3F131
:10684C000403D21ADB071CBF11F8013B00F8013B13
:10685C0080D331F8023B20F8023B7BE7043AD9D3D2
:10686C00013A11F8013B00F8013BF9D20B780370A7
:10687C004B7843708B7883706046704701F0D6BBC1
:10688C0001F0DCBB01F1FF3C70B56646002400E072
:10689C000134B0FBF2F502FB1503092B03F1370EA3
:1068AC0003F130035FFA8EFE98BF5FFA83FE9042CD
:1068BC00284606F801EFEBD2631C0022C818CA5414
:1068CC007CB162461CF8015F10F8016DA1EB0C0362
:1068DC0002328CF80060013B521A057023449A4234
:1068EC00EFDB084670BD00BF4FF0010C0CFA01FC49
:1068FC0001EB410100EB411170B5B1F80EE01FFA4C
:10690C008CF5254C1FFA8EFE24782E010EFB0333DA
:10691C0006F0F006E340B0F888417345A4B228BFF6
:10692C0073463443012AA0F888410DD0022A28D09E
:10693C00C2B10CF00F02B0F888C11FFA8CFC4CEA03
:10694C00020CA0F888C170BD9BB20CF00F022D0296
:10695C00CB82B0F8803105F470659BB22B43A0F864
:10696C008031E8E7AEEB030E0CF00F021FFA8EFE3F
:10697C00A1F80AE0B0F880319BB21343A0F8803143
:10698C00D9E79BB20CF00F02CB83B0F880319BB2ED
:10699C001E43A0F88061CEE7E218002027284BD8D0
:1069AC00F8B52A4D044615F8202005EB8005012A80
:1069BC002DD0022A3FD16B78C3F3011003283ED0AF
:1069CC00234A02EB803203F0030C224889B263465F
:1069DC0002EB4C1C0678BCF806E05801BCF81030F1
:1069EC001FFA8EFECEF1011E1EFA83F303F1FF3E59
:1069FC000EFB01F1F1408E4523D95B1AC3F1010363
:106A0C009BB289B20244ACF8063011820DE06A7870
:106A1C00C2F30113032B10D00F4800EB83308BB261
:106A2C0002F00301AA78FFF75FFF0C4BEA7803EB47
:106A3C0004135B681A60F8BD70470948EFE7094A10
:106A4C00C1E7991E4FF6FF73DBE700BF300A002049
:106A5C0000C01D40E218002000C03D40100700207F
:106A6C0000803E4000801E4000230F2248F2B82CCC
:106A7C00194610B54FF470444FF4806EA0F88C4159
:106A8C004FF46044A0F88E210A46A0F89031B0F87B
:106A9C0088319BB243F0F003A0F8883101EB41033D
:106AAC00013100EB431304299C80A3F806E05A84BF
:106ABC001A865A805A81A3F80EC05A82DA825A83F7
:106ACC00DA83EBD1B0F888319BB243F00F03A0F816
:106ADC008831B0F888319BB243F47063A0F88831E8
:106AEC0010BD00BF374B384A996F384841F47F01CD
:106AFC0070B5996741F20106D3F8801045F6C05580
:106B0C0043F226040A43C3F88020FFF7ADFF00F5DB
:106B1C008040FFF7A9FF00F58040FFF7A5FF00F5C7
:106B2C008040FFF7A1FF0022A0F503104FF00F0EDD
:106B3C00114600EB42134FEA421C01329981042AA0
:106B4C005981A3F80EE09E82DD8020F80C1019828A
:106B5C009C81EED100221E484FF00F0E41F201062F
:106B6C00114645F6C05543F2260400EB42134FEA9A
:106B7C00421C01329981042A5981A3F80EE09E82AD
:106B8C00DD8020F80C1019829C81EED10022114876
:106B9C000F2641F20105114645F6C05443F2260E6C
:106BAC0000EB42134FEA421C01329981042A5981AD
:106BBC00DE819D82DC8020F80C101982A3F80CE099
:106BCC00EED170BD00C00F40000003FC00C03D4082
:106BDC0000001E4000401E4072B6EFF30583524C7D
:106BEC00C4F884301EF0040F0CBFEFF30882EFF3EF
:106BFC0009824FF0E0234D4E4D4DD3F8280DD3F8BC
:106C0C002C1DC4E92201D3F8341DD3F8383DC4E956
:106C1C0024139369C4F89830D369C4F89C3000F0FD
:106C2C00BDF884ED280A01F0E5F90B214FF0FF3295
:106C3C00C4F8A4000B46C4F880103E49301D5A40DD
:106C4C00202402F00103013C01FB03F383EA52020E
:106C5C00F7D1A84202D073680646EFE7324BC3F86F
:106C6C00A820BFF34F8F4FF0E0233049324AC3F8CE
:106C7C00701FC3F8702FBFF34F8FBFF36F8F2F4A66
:106C8C0002252F48D36E2F4943F44053D366056039
:106C9C00D3692D4823F07F0343F04003D3610B6885
:106CAC0083423DD8264D00214FF0E0234FF0FF32B8
:106CBC0029600126C5F808112449C5F80011C5F84A
:106CCC000861C3F88021C3F88421C3F88821C3F874
:106CDC008C21C3F8902101E000F052F9D5F80C3169
:106CEC00002BF9D00134C5F80C614F2CF4D9184B9A
:106CFC00022018494FF00042C1F840015A63D5F800
:106D0C000C313BB9144815490D4A0163D2F80C31CA
:106D1C00002BFAD04FF0E023114AC3F80C2DFEE7FC
:106D2C00FFF752F8BEE700BF00FF272080FF2720A7
:106D3C00A8FF27202083B8EDA0FF272000C00F401C
:106D4C00004008407C0C0020803DCD0B009F2400AF
:106D5C0000900D4000002E4000800F40F100AD0B64
:106D6C000400FA050A490A6838B108B5131809482D
:106D7C00834204D810460B6008BD1046704702F0E1
:106D8C004FF80C234FF0FF320360104608BD00BFD4
:106D9C001811002000002820FFF71EBF124AD2F85D
:106DAC0080305B07FBD5D2F880301048C3F30B233F
:106DBC000F4990ED007A07EE903A91ED006AB8EE2B
:106DCC00477A0C4AF8EEE77A0B4BD2ED006A77EE75
:106DDC00C77A93ED007AB8EE477A67EE867A87EE3B
:106DEC00A60A37EE400A704700810D40EC280020BF
:106DFC00F4280020F8280020F0280020836BF0B441
:106E0C001BB1536843F40043536072B6446B3CB3FC
:106E1C001A4B2260D3F8B0410C421DD1184E776842
:106E2C0004E07468E41BB4F5166F0BD2D3F8404140
:106E3C0044F48044C3F84041D3F8B851D3F84041EE
:106E4C006404EED50D4007D10C4CC0E90225D4F8F2
:106E5C00B0310B43C4F8B031426362B6F0BC70473A
:106E6C00064DC0E90224D5F8B0310B43C5F8B0315A
:106E7C000263426362B6F0BC704700BF00002E4054
:106E8C00001000E070B5056B9DB106462A46002443
:106E9C0003E012680134012A0CD0536813F080030C
:106EAC00F7D032632CB12846B36B2D689847013C60
:106EBC00F9D170BDC6E90C33F4E700BF30B4D9B9D1
:106ECC001F4C204B0021204A01254FF001109960E6
:106EDC001D60C4E9023180245C60C2F8BC01D2F8A8
:106EEC00B0311A482B43C2F8B0310160D2F8B0313E
:106EFC00002BFBD130BC70470904154B104C0125FD
:106F0C0041F080019860104A596000F580511D6075
:106F1C00D96000F50051A364196100F5405100F5EA
:106F2C008040596100219861E164D2F8B03143F49A
:106F3C008033C2F8B031D2F8B031002BFBD1C0E7AE
:106F4C0000000020C01E002000002E40082700205A
:106F5C00E01E0020084901220B7802FA00F023EA17
:106F6C000000087030B9054AD2F8483123F080038C
:106F7C00C2F84831704700BF6829002000002E403D
:106F8C002DE9F04F974C83B0D4F84471FB07C4F84B
:106F9C00447153D5D4F8AC21002A4AD0924EDFF874
:106FAC0060A2DFF87492DFF874B2DFF87482C4F870
:106FBC00AC21D6E90A20D4F8403143F40053C4F88C
:106FCC004031D4F840319D04F5D5D4F8403123F448
:106FDC000053C4F840314FF00113C4F8B431D4F865
:106FEC00B45115F00115FAD193B28446CAF8005089
:106FFC00B3F5086F00F0CF8100F2DB8040F2023174
:10700C008B4200F0E78100F29A80822B00F0CB815A
:10701C00B3F5817F40F08A8010F0780F83B200F0D6
:10702C0003824FF00113C4F8C031D4F8AC21002A0C
:10703C00BDD16C4AD2F8BC31002B42D17E0616D59C
:10704C00684BD3F8AC21C3F8AC21D3F8BC21C3F8FE
:10705C00BC21D3F8B041002CFBD14FF0FF32C3F868
:10706C00B421D3F8843100F029FD604B1C60FC0185
:10707C0003D55F4B1B6803B19847B80103D55D4B33
:10708C001B6803B19847790708D5564BD3F8843160
:10709C0013F4007347D0584B01221A70514BD3F89C
:1070AC0048311A060AD53B0608D5544A13782BB139
:1070BC00013BDBB21370002B00F0728203B0BDE811
:1070CC00F08F4F49C2F8BC310868034240F0D181BF
:1070DC00464A14681C40B1D05FEA144810D0424EA6
:1070EC004FF0010998FAA8F5B5FA85F506EBC5102D
:1070FC0009FA05F54030FFF7C5FE38EA0508F1D16D
:10710C00A4B2002C9AD0384E4FF0010894FAA4F592
:10711C00B5FA85F506EBC51008FA05F5FFF7B2FED2
:10712C00AC43F3D18AE7344A1370B7E7802B7FF472
:10713C0078AF344802210580FFF7C0FE75E7B3F540
:10714C00A06F00F00B81A3F5D063012B3FF669AF64
:10715C002D4B5D68002D3FF464AF1FFA8CFC4FEA99
:10716C00124E04E01D690C33002D3FF45AAF1A88FF
:10717C007245F7D15A886245F4D14FEA1E22032A90
:10718C0000F0A5811A89000C824228BF0246BEF588
:10719C00007F40F0A181184B1C4918781C4B0192C0
:1071AC00002818BF19461B48FFF7CEFA194D019A53
:1071BC00E1E142F221218B427CD033D942F22131E0
:1071CC008B4200F081804FF6C0018B427FF429AFD7
:1071DC0010F47F4F83B27FF424AF43F46E4363F318
:1071EC000F0CB5E700002E40000000200C270020FB
:1071FC0050290020542900207129002072290020D8
:10720C0008270020B0280020D00A0020A81D00600C
:10721C000C1E006000002020002700205DCFC6B8A7
:10722C00C0012E40B3F5106F66D042F221018B42A3
:10723C007FF4F7AE030C072B7FF4F3AEB24BB349DC
:10724C00F560D960B249B360C3F80890C1E9002079
:10725C0001221A60AF4A5A60AF4A1A61D4F8B011D1
:10726C0041F00101C4F8B01102F5805102F5005251
:10727C0059619A61D4F8B031002BFBD1A74AF36461
:10728C0093600123B264136048F2800353604FF0A3
:10729C000113C4F8BC31D4F8B03143F48033C4F8D2
:1072AC00B0314FF48033CAF80030D4F8B031002B31
:1072BC00FBD1BAE680B238B9994BC2F307421968D0
:1072CC00984B1960984B1A70944B00229A60F26498
:1072DC000122B3641A6080225A604FF00113C4F883
:1072EC00BC31D4F8B03143F48033C4F8B031D4F8A5
:1072FC00B031002BFBD198E6C2F307428B4B1A70CE
:10730C008B4BC4F8C8318B4BC4F8CC318A4BC4F8C6
:10731C00D03100F0D5FB80222946884801F084FC4E
:10732C00874B8022C6F8A0B0C6F8E0307B4BF564E2
:10733C005A600122B3649D601A604FF00113C4F8C7
:10734C00BC31D4F8B03143F48033C4F8B031CAF84E
:10735C000050D4F8B031002BFBD166E66F4B012105
:10736C00F564196080219D60B36459604FF001137E
:10737C00C4F8BC31D4F8B03143F48033C4F8B03124
:10738C00D4F8B031002BFBD1130C5B0643F08073A7
:10739C00C4F8543149E6654B01216A481B780370E7
:1073AC00FFF78CFD41E683B210F078007FF439AE24
:1073BC0003F07F0258F82210624A1080180600F180
:1073CC009E80CB0701D50123137002215D48FFF786
:1073DC0075FD2AE610F0780F83B27FF422AE03F02D
:1073EC007F0213F0800F58F8223014BF43F480331F
:1073FC0043F0010348F822300022484BF2649A60B3
:10740C000122B3641A6080225A604FF00113C4F851
:10741C00BC31D4F8B03143F48033C4F8B031D4F873
:10742C00B031002BFBD100E603F07F0213F0800F8C
:10743C0058F8223014BF23F4803323F0010348F8AA
:10744C0022300022354BF2649A600122B3641A6038
:10745C0080225A604FF00113C4F8BC31D4F8B0311B
:10746C0043F48033C4F8B031D4F8B031002BFBD1E5
:10747C00DBE50020086026490C88486842F22101AF
:10748C008C427FF425AE80B200287FF421AE2E49C9
:10749C002E4C03C9A18086284FEA11412060A171AE
:1074AC007FF416AE72B62A48017841F008010170DB
:1074BC00D2F848110D0605D480200143C2F84401CE
:1074CC00C2F8481162B6234A5021117000E6000C34
:1074DC002A78824228BF0246BEF5E06F44D11E4B8B
:1074EC001E4D18781E491F4B0192002818BF1946D3
:1074FC002846FFF729F907236B70019A3BE0C90373
:10750C003FF561AF61E700BFE01E002000370020AF
:10751C00802000208000070000470020C01E0020B3
:10752C002C2900204C2900206F29002070290020D4
:10753C000200CC00C80002000200C800800000203D
:10754C001993D574B028002000270020442900206E
:10755C0068290020722900207129002000002020B9
:10756C000C1E0060A81D00602946104D0192284693
:10757C00FFF7EAF8019A25F01F031544BFF34F8F6C
:10758C004FF0E021C1F8703F20339D42FAD8BFF391
:10759C004F8FBFF36F8F05481146FFF78FFC44E503
:1075AC000320FFF7D7FC02F053F800BF00002020A7
:1075BC002DE9F0471F46831E022B01D9BDE8F08749
:1075CC00DFF84C9015460C463C2209EBC0180646D9
:1075DC004FEAC01A002108F10400240401F024FB36
:1075EC00B5FA85F20123520944EA427449F80A407B
:1075FC00C8F83870C8F80830002FDFD0034AB34001
:10760C0011680B431360BDE8F08700BF0C27002006
:10761C00000000202DE9F0470D46811E022901D9FA
:10762C00BDE8F087C701DFF84C909246044640371E
:10763C003C2200211E4609EB07082D0408F104002A
:10764C0001F0F2FABAFA8AF2520945EA427249F8A2
:10765C0007200122C8F83860C8F80820002EDFD0B7
:10766C00034B10341968A2400A431A60BDE8F08736
:10767C000C2700200000002012048160C36101F57A
:10768C00405342F0800210B40124426001F50052D4
:10769C00046001F5805401F58041C46081615DF89E
:1076AC00044BC0E904237047831E0A46022B00D901
:1076BC007047064B00F110014FF0010C03EBC010AA
:1076CC000CFA01F14030FFF799BB00BF000000201D
:1076DC00831E0A46022B00D970470121024B8140C0
:1076EC0003EBC010FFF78ABB000000204068704716
:1076FC00124A134BD2F8200220F07F40984210B56A
:10770C0084B002D200EB800040000E4C01A90A228A
:10771C00FFF7B8F801A90023204611F8012B01331B
:10772C003AB10A2B20F8022FF7D11623237004B09C
:10773C0010BD5B00DBB2237004B010BD00441F40D1
:10774C0080969800CC18002000F0D8BA00F0CABA85
:10775C0000F066BB00F03CBB0846114600F02CBBA9
:10776C00F8B5144C4FF0E025134E4FF4003204EBF7
:10777C004024124F06EB40160346C5F88C212146D7
:10778C003A883046FFF778FF3B882344BFF34F8F8E
:10779C00C5F85C4F2034A342FAD8BFF34F8FBFF328
:1077AC006F8F03203146FFF793FF4FF40033C5F87A
:1077BC000C31F8BD80002020001F0020582900202B
:1077CC00244B2DE9F0411C884368C569C3F30E4373
:1077DC00E41A002C24DD204920480A780078D3B222
:1077EC001F4E82421F4807D010F8038036F81870DD
:1077FC00C7F50072944218D90133002226F81540BF
:10780C00082B194E88BF134626F8152098BFDAB2FC
:10781C00C554164B0A701A6814441C60BDE8F081FC
:10782C002846BDE8F041FFF79BBF07EB4820104905
:10783C0022462744084401EB4521FEF785FF0B4AFD
:10784C00284626F8187013682344BDE8F0411360ED
:10785C00FFF786BF582900206629002067290020E1
:10786C00C0280020E0280020D0280020BC280020C0
:10787C00800020201D4B1A78002A36D102F0FF031D
:10788C001B4A12788AB32DE9F0411A4D2A8852B35B
:10789C00194EC2F50068194F3278194C07EB421794
:1078AC0004EBC224424638462146FFF7E5FE04EBC2
:1078BC000802BFF34F8F4FF0E023C3F8704F203412
:1078CC00A242FAD8BFF34F8FBFF36F8F0420394613
:1078DC00FFF7EAFE33780133DBB2032B88BF0023BA
:1078EC00337000232B80BDE8F08170476E29002097
:1078FC00702900205A2900206D290020002000202A
:10790C00801020202DE9F04F85B0CDE90110002921
:10791C0000F0BF800023604CDFF89881DFF898A15D
:10792C005E4F009301235E4A23705E4B1978B8F8C2
:10793C00003002EB4119002B40F0A7801E461D467B
:10794C009B464846FFF7D2FE10F0800000F08C807A
:10795C00BFF34F8F9AF8003084F800B005B93E6839
:10796C00002B7DD13B689B1B782B00F287804E4B04
:10797C001B78002B74D000F09DFA0122B8F800306F
:10798C0015462270002BDCD0464AC3F500601178F6
:10799C001A4600EBC120454DC9022844019D954271
:1079AC0017D20393DDE901512A46FEF7CDFE039B66
:1079BC004FF040425B1BA8F800303D4BC3F88420CD
:1079CC00BFF34F8F009800232844237005B0BDE807
:1079DC00F08F364BCD180299FEF7B6FE00234FF40C
:1079EC00006229464846FFF747FEBFF34F8F05F16B
:1079FC00200205F50063934234BF012340234FF06E
:107A0C00E02205EB4313C2F8705F2035AB42FAD18C
:107A1C00BFF34F8FBFF36F8F04204946FFF744FE2F
:107A2C00204A13780133DBB2032B84BF00231D4A99
:107A3C001370B8F80030019AD11A009A1A440191C7
:107A4C000092029A1A4400230292194AA8F80030B4
:107A5C00C2F88430BFF34F8F237000297FF462AFDC
:107A6C00009805B0BDE8F08F4FF400620D4B8AF81A
:107A7C00000019781346A8F800208AE70123009823
:107A8C008AF8003005B0BDE8F08F1A46C3F50060E7
:107A9C007FE70198E5E700BF6E2900202C29002024
:107AAC00002000206D29002070290020801020204B
:107ABC0000002E405A2900206B290020704700BF7F
:107ACC002D4B002180222D4870B51B7800242C4DA5
:107ADC008B422C4E0CBF40234FF400732B80338011
:107AEC0001F0A2F8284A2146284B14704FF48072FA
:107AFC0027481C8001F098F8264A1021264B0220BA
:107B0C00C2E90044C2E90244244AC3E900441470A7
:107B1C00234AC3E90244234B1C70234614602246BB
:107B2C00FFF778FD2246318803201F4BFFF740FDFD
:107B3C002346012229880420FFF76CFD20460134DE
:107B4C00FFF70EFE082CF9D1184B00214A221848D9
:107B5C00184C0460C3F88410C3F88020D3F8482173
:107B6C00154942F08072C3F8482121B1134A1378A9
:107B7C0043F00103137070BD712900200020002018
:107B8C005C290020582900206D2900205A2900204A
:107B9C00001F0020C0280020D028002066290020CB
:107BAC00BC280020672900205159000000002E40FD
:107BBC0050290020055A0000000000007329002005
:107BCC002DE9F04F4FF0E0234FF40032DFF8C8A05E
:107BDC0083B0C3F88C218B469AF8004000294FD013
:107BEC008046E4B20027DFF8B490264BABEB0702DB
:107BFC0025491B78A34204F101043FD0092C234BE7
:107C0C00404628BF00241E5D39F816C00CEB4623F5
:107C1C0019441F4B33F81650A5EB0C05AA421CD285
:107C2C000CEB462C18491B4C61440192FEF78CFD61
:107C3C00216839F816505846019AA1EB0B012A44D9
:107C4C00394429F8162021604FF0E0234FF400321C
:107C5C00C3F80C2103B0BDE8F08F2A462F44FEF781
:107C6C0073FD0C49E3B230460A68A844521B0A6003
:107C7C008AF80030FFF774FDBB45B6D83846E3E709
:107C8C000846E1E76629002080002020E02800203B
:107C9C00C0280020BC28002067290020D028002004
:107CAC000B4B0C4A12781978D3B28A420DD001339F
:107CBC0009480A4A092B0A4928BF0023C35C31F83A
:107CCC00131002EB4323585C70474FF0FF307047A2
:107CDC006629002067290020E02800208000202051
:107CEC00D0280020044B10B51C680CB1204610BDE8
:107CFC0000F0E0F8204610BDBC2800202DE9F84F1C
:107D0C00144E154D33782A78934221D0DCB2DFF82B
:107D1C005090DFF850B0DFF85080104F0134082C31
:107D2C005FFA84FA01D90024A24619F80400DBF8A2
:107D3C00003038F8102037F81010521A9B1ACBF874
:107D4C000030FFF70DFD86F800A02B78A342E5D19B
:107D5C00BDE8F88F6729002066290020D028002074
:107D6C00E0280020BC280020C028002000B583B0EB
:107D7C0001210DF10700FFF723FF20B19DF807004B
:107D8C0003B05DF804FB4FF0FF30F9E7094B00B589
:107D9C0083B01B788DF807003BB101210DF1070072
:107DAC00FFF7B0FD03B05DF804FB03F0FF0003B078
:107DBC005DF804FB70290020044B1B7803F0FF02D4
:107DCC000BB1FFF79FBD1046704700BF7029002014
:107DDC002DE9F0410024DFF8448001230D4D2746A6
:107DEC000D4E88F80030337828462035A34204F134
:107DFC00010405D0FFF77AFC030658BF07F50067AE
:107E0C00042CF0D1BFF34F8F0023384688F8003094
:107E1C00BDE8F081002000206D2900206E29002093
:107E2C002DE9F8431D4B1B7813B11D4D2A880AB957
:107E3C00BDE8F8831B4EC2F500691B4933784A46EE
:107E4C001A4C01EB43181A4F04EBC3240123404690
:107E5C003B7021460023FFF70FFC04EB0902BFF334
:107E6C004F8F4FF0E023C3F8704F2034A242FAD862
:107E7C00BFF34F8FBFF36F8F04204146FFF714FC05
:107E8C0033780133DBB2032B88BF0023337000231C
:107E9C002B80BFF34F8F3B70BDE8F8837029002017
:107EAC005A2900206D29002000200020801020205D
:107EBC006E2900202DE9F8432D4B1E7866B12D4F0D
:107ECC003B784BB90123F1073B7043D4B20726D45E
:107EDC0000233B70730701D4BDE8F883264B1A6866
:107EEC00002AF9D0EFF30582002AF5D1EFF31085C3
:107EFC0072B61868002834D0204C2178002930D173
:107F0C000122227042691A60002A2ED0916105B9B3
:107F1C0062B600258368457798472570DCE7DFF863
:107F2C00648098F80030002BD2D00025DFF85890F0
:107F3C002B4659F823400135236820461B69984786
:107F4C0010B163699B68984798F80020EBB29A428D
:107F5C00EFD8BDE7FFF7C6FE0028B7D0AFF300801F
:107F6C00B4E7002DB8D162B6B6E7054B1A60CEE780
:107F7C00732900206229002034230020602900206E
:107F8C0040230020612900204423002070B5EFF32A
:107F9C00108272B60C4C206880B10C4E00254369DF
:107FAC00236073B19D6102B962B6836845779847C7
:107FBC00EFF3108272B620680028F0D102B962B6D5
:107FCC0070BD3360EFE700BF3C2300203823002056
:107FDC00FFF7DCBF0449054A4968054B1960136873
:107FEC0001331360704700BF001000E02C29002003
:107FFC0028290020074A506A936A19468446506A19
:10800C00936A9942F9D18445F7D1DB0B43EA40409E
:10801C00704700BF00400D4003460846194600F06B
:10802C0079BD00BF0A22002100F066BD024B01465B
:10803C00186800F00BB800BF30150020024B014649
:10804C00186801F0F7B900BF301500202DE9F04F8A
:10805C0001F10B06162E83B0044624D8102900F229
:10806C00BA8000F0A3FA102618220220B54F3A4429
:10807C00A2F1080153688B4200F0BA805A68D968A3
:10808C0022F003021A449D68E9608D60516841F04A
:10809C0001012046516003F1080500F08DFA2846D5
:1080AC0003B0BDE8F08F36F0070600F19480B142C2
:1080BC0000F2918000F07AFAB6F5FC7FC0F09A815C
:1080CC00730A00F08F80042B00F26F81B30903F167
:1080DC00390003F1380CC3009A4F3B44A3F1080557
:1080EC005B689D4206D10CE0002980F22781DB6899
:1080FC009D4206D05A6822F00302911B0F29F3DD32
:10810C0060463D69DFF850C265457CD06A6822F054
:10811C000302931B0F2B00F37B81002BC7E904CCCC
:10812C0080F26C81B2F5007F80F01A81D3087968F7
:10813C0001334FEA521E012202FA0EF20A4357F89B
:10814C0033E0C5F808E007EBC3010839E9607A6051
:10815C0047F83350CEF80C508310012199409142CE
:10816C0057D8114206D120F003004900114200F10A
:10817C000400FAD007EBC0094D468646D5F80C80B2
:10818C00454508D11DE1002B80F22481D8F80C80E4
:10819C00454500F01681D8F8042022F00302931B09
:1081AC000F2BF0DD2046D8E9025408EB060146F00F
:1081BC000106C8F80460EC60A56043F00104C7E94F
:1081CC000411C1E902CC4C6048F8023000F0F4F91B
:1081DC0008F1080502E00C2323600025284603B0B3
:1081EC00BDE8F08F4FF4007340204FF03F0C73E765
:1081FC00D3689A4208BF02307FF440AF3D69DFF884
:10820C0058C1654582D17A68831001219940914209
:10821C00A7D9BD686B6823F003094E4503D8A9EBB9
:10822C0006030F2B7ADCDFF834B1474BDBF8002068
:10823C001B680132334405EB090A00F0338103F566
:10824C0080530F3323F47F6828F00F0841462046F3
:10825C0000F0D4FD411C024600F0F380824500F290
:10826C00EE803A4B196841441960084600F04E8183
:10827C00DBF80010019301311BBFA2EB0A010918B6
:10828C00CBF80020196012F0070B00F01781CBF12E
:10829C0008010A44CBF5805190440831A1EB080148
:1082AC00C1F30B0A51462046009200F0A7FD421C78
:1082BC00DDE9002300F04F81801A00EB0A081968F1
:1082CC00BA6048F001005144BD425060196000F0A2
:1082DC002981B9F10F0F40F227816868A9F10C0CC4
:1082EC002CF0070C00F0010040EA0C0068604FF025
:1082FC00050E05EB0C00BCF10F0FC0E901EE00F20E
:10830C00328150681546124B1A688A4238BF196080
:10831C00104B1A688A4238BF196094E0AA1943F0CE
:10832C00010346F001066E602046BA60536000F00F
:10833C0043F90835284603B0BDE8F08FD9681A44D4
:10834C00A1E600BF20110020982500206825002000
:10835C0090250020942500202811002028150020AD
:10836C00B2F5206F4FEA522363D3142B00F2B7807F
:10837C0003F15C01C9005B3307EB010E7958AEF1D8
:10838C00080E8E4500F091804B6823F00303934256
:10839C0002D989688E45F7D1D1F80CE07A68C5E925
:1083AC00021ECEF80850CD60D6E6142B59D9542BAA
:1083BC0000F29D80330B03F16F0003F16E0CC300D0
:1083CC008AE60EF1010E1EF0030F05F108057FF48D
:1083DC00D5AE51E0424445465368D8F80C1043F0F2
:1083EC000103536055F8083F2046D9608B6000F0BC
:1083FC00E3F8F3E6F00806F1080237E62A442046D3
:10840C00536843F001035360083500F0D5F8E5E6F6
:10841C00A919204646F0010643F001046E60C7E935
:10842C000411C1E902CC4C60AB5000F0C5F8083522
:10843C00D4E6930903F13901C90038339CE7BD42F6
:10844C005FD0BD68686820F003084645A8EB0603BA
:10845C0002D80F2B3FF762AF204600F0ADF8002595
:10846C00BCE603F15C0003F15B0CC30034E659F885
:10847C0008394B4540F0968010F0030F00F1FF30A7
:10848C00F5D17B6823EA01037B60490099423FF6F2
:10849C00C0AE19B9BDE649000EF1040E1942FAD06E
:1084AC00704667E603F11008D0E69A104FF0010809
:1084BC007B6808FA02F21A437A6070E702EB080153
:1084CC004942C1F30B0A51462046009200F096FC3B
:1084DC00431CDDE900237FF4EFAEDA46EFE6542BC4
:1084EC0025D8130B03F16F01C9006E3344E7B3F5C4
:1084FC00AA7F25D8F30B03F1780003F1770CC300A6
:10850C00EAE5294B186840441860B1E6CAF30B0C35
:10851C00BCF1000F7FF4ACAEBD68C84448F001005C
:10852C006860F0E61546EEE60123536094E7B3F578
:10853C00AA7F23D8D30B03F17801C90077331BE74B
:10854C0040F25452934223D8B30C03F17D0003F153
:10855C007C0CC300C0E5ABF1080BD844A8EB0208B7
:10856C004FF0000AABE605F108012046009300F03D
:10857C0061FFBD68009B68681968C4E640F25451FD
:10858C008B420BD8930C03F17D01C9007C33F3E6CD
:10859C004FF47E737F204FF07E0C9DE54FF47E717F
:1085AC007E23E9E67B6870E768250020014800F02F
:1085BC0061BC00BF64250020014800F05DBC00BF19
:1085CC006425002010B4044C03460A4620685DF86C
:1085DC00044B194600F002B8301500202DE9F84F75
:1085EC001746002900F098800C4607F10B058046D1
:1085FC00FFF7DCFF162D54F8041C5BD810252A4617
:10860C00AF425CD821F003069642A4F1080962DA65
:10861C00BC4BD3F808C009EB0600844500F09780EA
:10862C00D0F804C02CF0010303445B68DB0768D46A
:10863C002CF0030C06EB0C03934247DACB0710D457
:10864C0054F8083CA9EB030ADAF8043023F00301D0
:10865C008C44B444944580F211817318934280F297
:10866C00E88039464046FFF7F1FC0746E0B154F884
:10867C00043C23F001034B44A0F10802934200F0A8
:10868C00D280321F242A00F2F580132A00F2AC802B
:10869C0003462246116819605168596092689A60C5
:1086AC002146404600F0C6FE4046FFF785FF38469F
:1086BC00BDE8F88F25F00705002D2A46A0DA0C231B
:1086CC00C8F8003000273846BDE8F88F1E46D0E9C0
:1086DC000223D3609A60731B0F2B22D8D9F8043075
:1086EC0003F0010333434E44C9F80430736843F07C
:1086FC000103736040462746FFF75EFF3846BDE82E
:10870C00F88FC907ADD454F8083CA9EB030ADAF882
:10871C00041021F00301A0E7BDE8F84F1146FFF764
:10872C0095BCD9F8042009EB050102F001024E4476
:10873C0043F001032A43C9F804204B60736843F0EB
:10874C00010308317360404600F074FED2E7DCF898
:10875C00040020F0030B06EB0B0C05F11000844514
:10876C004DDAC9073FF57DAF54F8081CA9EB010A97
:10877C00DAF8041021F003018B44B34458453FF759
:10878C006CAF5746DAF80C1057F8080F321F242A32
:10879C00C160886000F2DB80132A40F2D680216829
:1087AC00CAF808106168CAF80C101B2A00F2DF80A6
:1087BC0008340AF110022168116061685160A168E7
:1087CC0091600AEB0501ABEB050242F001029960E6
:1087DC004A60DAF8043003F001032B434046CAF830
:1087EC000430FFF7E9FE6EE72368036063684360BB
:1087FC001B2A68D804F1080200F108034AE709EBC8
:10880C0005029A60ACEB050343F00103536054F886
:10881C00043C03F001032B43404644F8043CFFF7AF
:10882C00CBFE27464FE750F8043C23F003031E44CD
:10883C0051E75746DAF80C1057F8080F321F242A64
:10884C00C16088604CD8132A48D92168CAF808102E
:10885C006168CAF80C101B2A56D808340AF11002A9
:10886C001E462368136063685360A3689360D14607
:10887C003C4630E7214600F05BF911E7D0E90213E2
:10888C005746CB60996057F8081FDAF80C30CB606C
:10889C00321F242A99602DD8132A29D92368CAF8A3
:1088AC0008306368CAF80C301B2A42D808340AF125
:1088BC00100322681A6062685A60A2689A60664661
:1088CC00D1463C4607E7A3688360E368C360242A6B
:1088DC0026D004F1100200F11003DBE63A46BFE7A4
:1088EC00214638461E46D14600F022F93C46F2E6B7
:1088FC003B46DEE7214638466646D14600F018F97D
:10890C003C46E8E620110020A168CAF81010E16886
:10891C00CAF81410242A20D010340AF118029FE748
:10892C00236903616169416104F1180200F11803C4
:10893C00B0E6A368CAF81030E368CAF81430242AE9
:10894C0021D010340AF11803B3E73A4633E7214635
:10895C00384600F0EDF8164B33E72269CAF81820B8
:10896C006269CAF81C2018340AF1200278E7A16861
:10897C00CAF81010E168CAF81410242A0DD010346B
:10898C000AF1180217E72369CAF818306369CAF8A4
:10899C001C3018340AF120038BE72269CAF818201E
:1089AC006269CAF81C2018340AF1200203E700BFE0
:1089BC0020110020012B2DE9F84F40D0242B984694
:1089CC003DD84C4D8E4676461EF801BB15F80B4033
:1089DC0014F00804F7D1BBF12D0F72D0BBF12B0FA3
:1089EC0008BF9EF800B06FF0004908BF06F1020EF8
:1089FC00002B42D0102B57D0B9FBF8F700252E4690
:108A0C0008FB179A05E033D008FB06C601251EF8B3
:108A1C0001BBABF1300CBCF1090F06D9ABF1410C29
:108A2C00BCF1190F12D8ABF1370C634517DDB5F15A
:108A3C00FF3FECD0B742E6D24FF0FF35E7E700F04E
:108A4C00EFF9162303600020BDE8F88FABF1610C41
:108A5C00BCF1190F03D8ABF1570C6345E7DC6B1C69
:108A6C0027D08CB90AB1A5BB11603046BDE8F88F90
:108A7C00E245C9DA4FF0FF35C9E7BBF1300F05D03D
:108A8C004FF00A084346B7E77642EBE79EF8003012
:108A9C0003F0DF03582B21D14FF010089EF801B0E2
:108AAC0043460EF1020EA7E7BBF1300F1AD09846E1
:108ABC00A2E72223036072B10EF1FF314E46116022
:108ACC00D3E79EF800B04FF0004906F1020E0124E6
:108ADC008EE7B146F0E74E463046C7E74FF0080840
:108AEC00434689E79EF8005005F0DF05582DD3D09A
:108AFC00984681E70D06002010B4054C84461346B9
:108B0C0020685DF8044B0A466146FFF753BF00BF6F
:108B1C003015002013460A460146022000F0F6BB31
:108B2C00024B1844407800F0080070470C060020F7
:108B3C0088420DD98B1883420AD900EB020CBAB1CA
:108B4C00624613F801CD02F801CD9942F9D1704774
:108B5C000F2A0ED8034602F1FF3C4AB10CF1010C6E
:108B6C00013B8C4411F8012B03F8012F6145F9D11D
:108B7C00704740EA01039B0750D1A2F1100370B576
:108B8C0001F1200C23F00F0501F1100E00F110047F
:108B9C00AC441B095EF8105C44F8105C5EF80C5C8D
:108BAC0044F80C5C5EF8085C44F8085C5EF8045C05
:108BBC0044F8045C0EF1100EE64504F11004E9D102
:108BCC00013312F00C0F01EB031102F00F0400EB58
:108BDC00031327D0043C24F003064FEA940C1E44E4
:108BEC001C1F8E465EF8045B44F8045FB442F9D156
:108BFC000CF1010402F0030203EB840301EB84018A
:108C0C0002F1FF3C4AB10CF1010C013B8C4411F810
:108C1C00012B03F8012F6145F9D170BD02F1FF3C26
:108C2C0003469BE72246EBE7830730B548D0541E3A
:108C3C00002A3FD0CAB2034601E0013C3AD303F804
:108C4C00012B9D07F9D1032C2DD9CDB245EA052571
:108C5C000F2C45EA054536D9A4F1100222F00F0C71
:108C6C0003F1200EE6444FEA121C03F1100242E914
:108C7C00045542E9025510327245F8D10CF101024B
:108C8C0014F00C0F03EB021204F00F0C13D0ACF128
:108C9C00040323F003030433134442F8045B9342AC
:108CAC00FBD10CF003042CB1C9B21C4403F8011B1A
:108CBC009C42FBD130BD64461346002CF4D1F9E73D
:108CCC0003461446BFE71A46A446E0E711F0FF013D
:108CDC00034644D0820732D110B5046841EA012E14
:108CEC004EEA0E4E8EEA0402A2F1013323EA02038D
:108CFC00A4F1013222EA0402134313F0803F0FD196
:108D0C0050F8044F84EA0E0CA4F10133ACF101329B
:108D1C0023EA040322EA0C02134313F0803FEFD042
:108D2C00037823B936E010F8013F002B32D099427A
:108D3C00F9D110BD8A4211D09A071846CCD01846EA
:108D4C0013F8012B002AF5D11046704799071846E5
:108D5C0007D0184601330278002AF7D170478207F2
:108D6C00F7D10268A2F1013323EA020313F0803F2A
:108D7C0008D150F8042FA2F1013323EA020313F0B7
:108D8C00803FF6D00378002BE8D010F8013F002B81
:108D9C00FBD17047184610BD40EA01039B0730B564
:108DAC0001D1032A0FD8844601F1FF3E07E01EF8DB
:108DBC00011F03F8011B541EC1B19C462246634699
:108DCC00002AF4D130BD0B468446194653F8045B97
:108DDC00A5F1013424EA050414F0803FE4D1043AEF
:108DEC00032A4CF8045B1946EFD8DDE79444002CB9
:108DFC00E8D003F8011B6345FBD130BD38B5074DF6
:108E0C000022044608462A60FDF7ACFF431C00D044
:108E1C0038BD2B68002BFBD0236038BD10270020F9
:108E2C00014B1868704700BF3015002070B50D4E0F
:108E3C000D4D761BB61006D0002455F8043B0134BA
:108E4C009847A642F9D1094E094D761B00F0F8FB64
:108E5C00B61006D0002455F8043B01349847A642BE
:108E6C00F9D170BD701C0060701C0060841C006027
:108E7C00701C0060704700BF704700BF000000000E
:108E8C0000000000000000000000000000000000D6
:108E9C00A2EB0300704700BF02780B78012A28BFB1
:108EAC009A42F5D16DE9044540EA0104CDE9026727
:108EBC006FF0000C4FEA447212B380EA010414F014
:108ECC00070F6AD100F0070420F0070004F0030537
:108EDC0021F007014FEAC505F0E8042314F0040F54
:108EEC00F1E804670CFA05F462EA040266EA040687
:108EFC000AD063EA0403624667EA0407664603E0A5
:108F0C00F0E80423F1E8046782FA4CF582EA0604DF
:108F1C00A4FA8CF46CBB83FA4CF583EA0705A5FA2A
:108F2C008CF595B950E9022351E9026782FA4CF5A8
:108F3C0082EA0604A4FA8CF483FA4CF583EA07055A
:108F4C00A5FA8CF52543DBD09CB92DBAB5FA85F47E
:108F5C0024F0070427FA04F1DDE9026723FA04F38D
:108F6C0003F0FF0001F0FF01FDE80445A0EB010058
:108F7C00704724BAB4FA84F424F0070426FA04F1F6
:108F8C00DDE9026722FA04F202F0FF0001F0FF01B2
:108F9C00FDE80445A0EB0100704714F0030F3CD131
:108FAC0010F0030428D150F8082B51F8083B82FA32
:108FBC004CF582EA0305A5FA8CF55DB950F8042C42
:108FCC0051F8043C82FA4CF582EA0305A5FA8CF5BB
:108FDC00002DE8D02DBAB5FA85F424F0070423FA55
:108FEC0004F122FA04F202F0FF0001F0FF01FDE8A7
:108FFC000445A0EB010070474FEAC40420F00300C5
:10900C0050F8082B21F0030151F8083B0CFA04F43A
:10901C0062EA040263EA0403C9E710F003041AD0FD
:10902C00A1EB040120F00300E40750F8042B06D058
:10903C000FD28B785FFAA2F4E41A06D12BB1CB785D
:10904C005FFAB2F4E41A00D11BB920465DF8104B5C
:10905C00704701F1040150F8042BCC0721F00301F7
:10906C0051F8043B48D824D222F07F4482FA4CF5C4
:10907C0094EA1325A5FA8CF50AD165B951F8043B8D
:10908C0084EA0204B4EB036F0ED150F8042BEBE727
:10909C004FEA132355E035F07F454DD10878FDE8B4
:1090AC000445C0F1000070474FEA126203F0FF0361
:1090BC0047E002EA1C4482FA4CF594EA1345A5FAFF
:1090CC008CF50AD165B951F8043B84EA0204B4EB7F
:1090DC00034F0CD150F8042BEBE74FEA134330E06D
:1090EC0015EA1C4528D10B884FEA124229E04FEAB9
:1090FC00124203EA1C4324E002F0FF0482FA4CF50E
:10910C0094EA1365A5FA8CF50AD165B951F8043BBC
:10911C0084EA0204B4EB032F09D150F8042BEBE7DB
:10912C004FEA13630DE015F0FF0F05D10B684FEA02
:10913C00122223F07F4304E04FF00000FDE80445C9
:10914C00704712BA1BBA82FA4CF482EA0304A4FAEE
:10915C008CF5B5FA85F402FA04F203FA04F34FEA3B
:10916C001260FDE80445A0EB1360704780EA010231
:10917C00844612F0030F4FD111F0030F32D14DF88A
:10918C00044D11F0040F51F8043B0BD0A3F1013244
:10919C009A4312F0803F04BF4CF8043B51F8043B57
:1091AC0016D100BF51F8044BA3F101329A4312F0CF
:1091BC00803FA4F101320BD14CF8043BA24312F0D6
:1091CC00803F04BF51F8043B4CF8044BEAD02346D3
:1091DC000CF8013B13F0FF0F4FEA3323F8D15DF885
:1091EC00044B704711F0010F06D011F8012B0CF84D
:1091FC00012B002A08BF704711F0020FBFD031F8C5
:10920C00022B12F0FF0F16BF2CF8022B8CF800204B
:10921C0012F47F4FB3D1704711F8012B0CF8012BCE
:10922C00002AF9D1704700BF0000000000000000C8
:10923C0090F800F06DE9024520F007016FF0000C8A
:10924C0010F0070491F820F040F049804FF0000432
:10925C006FF00700D1E9002391F840F000F108000D
:10926C0082FA4CF2A4FA8CF283FA4CF3A2FA8CF345
:10927C004BBBD1E9022382FA4CF200F10800A4FAAC
:10928C008CF283FA4CF3A2FA8CF3E3B9D1E9042300
:10929C0082FA4CF200F10800A4FA8CF283FA4CF337
:1092AC00A2FA8CF37BB9D1E9062301F1200182FAF1
:1092BC004CF200F10800A4FA8CF283FA4CF3A2FAF7
:1092CC008CF3002BC6D0002A04BF04301A4612BA05
:1092DC00B2FA82F2FDE8024500EBD2007047D1E908
:1092EC00002304F00305C4F100004FEAC50514F097
:1092FC00040F91F840F00CFA05F562EA05021CBF68
:10930C0063EA050362464FF00004A9E72DE9F04734
:10931C00DFF87CA00646DAF8000098460F46914626
:10932C00FFF7A8FD184B1C6824B365681F2D24DCBF
:10933C005EB96B1C0235DAF80000636044F82570E6
:10934C00FFF79AFD0020BDE8F08704EB85010123AF
:10935C00C1F88890D4F88821AB401A43022EC4F887
:10936C008821C1F80881E4D1D4F88C211A43C4F8BF
:10937C008C21DEE7054C1C60D7E7DAF80000FFF71C
:10938C007BFD4FF0FF30DEE7CC230020D023002004
:10939C0014110020F8B5244F0C460646FFF706F9C9
:1093AC00BB685D68C4F57E610F3125F003054B1970
:1093BC0023F47F6323F00F03A3F58054B4F5805F8F
:1093CC0007DB00213046FFF719FDBB682B449842A0
:1093DC0004D03046FFF7F0F80020F8BD614230466B
:1093EC00FFF70CFD01300DD0104ABB682D1B45F06A
:1093FC0001055D60136830461B1B1360FFF7DCF83A
:10940C000120F8BD00213046FFF7F8FCBA68831A3A
:10941C000F2BDEDD43F001035360054B03491B6842
:10942C00C01A0860D5E700BF201100206825002075
:10943C0028150020002961D0F8B50C460646FFF728
:10944C00B5F854F8042C7B4FA4F1080522F0010167
:10945C0005EB010CB868DCF80430604523F003031D
:10946C0000F08B80D207CCF8043032D454F8082C9E
:10947C00AD1A1144AA6807F1080082426AD00CEBBD
:10948C000304D4F804E0EC68D4601EF0010FA26071
:10949C0000F0978041F001036B60CCF80010B1F53F
:1094AC00007F35D27868CB080122490901338A4004
:1094BC00024357F833107A6007EBC302083AC5E948
:1094CC00021247F83350CD603046BDE8F840FFF744
:1094DC0073B80CEB03025268D00710D4194407F18F
:1094EC000800DCF80830834273D0DCF80C20DA601A
:1094FC00936041F001036B606950D0E7704741F015
:10950C000103B1F5007F44F8043CCCF80010C9D33A
:10951C00B1F5206F4FEA512348D28B0903F1390082
:10952C0003F13802C300F818FB580838984259D098
:10953C005A6822F003028A4202D99B689842F7D1FA
:10954C00D868C5E902308560DD603046BDE8F8407A
:10955C00FFF732B80CEB03025268D20763D40B440A
:10956C00DCE90212CA60916043F001026A60304685
:10957C00EB50BDE8F840FFF71FB80B44D10707D4F8
:10958C0054F8082CAD1A1344D5E90212CA60916044
:10959C0043F001026A60284ABD6012689A4293D86F
:1095AC00264B30461968FFF7F5FE8DE7142B0AD9C8
:1095BC00542B1FD80B0B03F16F0003F16E02C30089
:1095CC00B1E719448DE703F15C0003F15B02C300C2
:1095DC00A9E741F00103C7E90455C5E902006B6036
:1095EC00695071E779689210012404FA02F20A4377
:1095FC007A60A6E7B3F5AA7F06D8CB0B03F1780007
:10960C0003F17702C3008EE740F25452934206D81E
:10961C008B0C03F17D0003F17C02C30083E74FF454
:10962C007E737E227FE741F001036B60CCF8001063
:10963C004AE700BF201100202C150020982500209F
:10964C005FF800F0291C00605FF800F085170060DF
:10965C005FF800F0D51B0060000000000000000067
:04966C00F8B500BF8E
:08967000B4E9FF7F01000000D6
:1096780000000000000000000000000000000000E2
:1096880000000000000000000000000000000000D2
:1096980000000000000000000000000000000000C2
:1096A80000000000000000000000000000000000B2
:1096B80000000000000000000000000000000000A2
:1096C8000000000000000000000000000000000092
:1096D8000000000000000000000000000000000082
:1096E8000000000000000000000000000000000072
:1096F8000000000000000000000000000000000062
:109708000000000000000000000000000000000051
:109718000000000000000000000000000000000041
:109728000000000000000000000000000000000031
:109738000000000000000000000000000000000021
:109748000000000000000000000000000000000011
:109758000000000000000000000000000000000001
:1097680000000000000000000000000000000000F1
:1097780000000000000000000000000000000000E1
:1097880000000000000000000000000000000000D1
:1097980000000000000000000000000000000000C1
:1097A80000000000000000000000000000000000B1
:1097B80000000000000000000000000000000000A1
:1097C8000000000000000000000000000000000091
:1097D8000000000000000000000000000000000081
:1097E8000000000000000000000000000000000071
:1097F8000000000000000000000000000000000061
:109808000000000000000000000000000000000050
:109818000000000000000000000000000000000040
:109828000000000000000000000000000000000030
:109838000000000000000000000000000000000020
:109848000000000000000000000000000000000010
:109858000000000000000000000000000000000000
:1098680000000000000000000000000000000000F0
:1098780000000000000000000000000000000000E0
:1098880000000000000000000000000000000000D0
:1098980000000000000000000000000000000000C0
:1098A80000000000000000000000000000000000B0
:1098B80000000000000000000000000000000000A0
:1098C8000000000000000000000000000000000090
:1098D8000000000000000000000000000000000080
:1098E8000000000000000000000000000000000070
:1098F800000000000100000003000000020000005A
:109908000000000043686167696E6720746F205328
:10991800657474696E67204D6F6465002054202D4E
:109928003E205472756E200A2046202D3E20466F38
:109938007277617264200A2052202D3E2052696796
:109948006874200A204C202D3E204C656674200A3D
:109958002042202D3E204261636B77617264200AA9
:109968002057202D3E20576F726B200A2044202D4F
:109978003E204472697665200A000000456E7465D1
:109988007220576974682061732073686F776E203E
:1099980077697468207468652072616E67652062F3
:1099A800656C6F772E00000020545252203A2056E2
:1099B800616C75657320666F726D2030202D2036BE
:1099C80033202020200A2054524C203A2056616C23
:1099D80075657320666F726D20313932202D203203
:1099E80035350A0020544C52203A2056616C756572
:1099F8007320666F726D203634202D203132372067
:109A0800200A20544C4C203A2056616C756573200E
:109A1800666F726D20313238202D203139310A00BD
:109A280020465257203A2056616C75657320666F40
:109A3800726D2030202D203430202020200A20462E
:109A48004C57203A2056616C75657320666F726DAD
:109A580020313238202D203136380A002042525722
:109A6800203A2056616C75657320666F726D2036DA
:109A780034202D2031303420200A20424C57203AFF
:109A88002056616C75657320666F726D20313932AE
:109A9800202D203233320A0020465244203A2056E4
:109AA800616C75657320666F726D203430202D20CF
:109AB8003633202020200A20464C44203A20566184
:109AC8006C75657320666F726D20313638202D20D5
:109AD8003139310A0000000020425244203A205611
:109AE800616C75657320666F726D20313034202D7E
:109AF8002031323720200A20424C44203A20566137
:109B08006C75657320666F726D20323332202D209C
:109B18003235350A000000005452520054524C00AD
:109B2800544C5200544C4C0046525700464C570077
:109B380042525700424C570046524400464C44009B
:109B480042524400424C4400456E74657220436F93
:109B58007272656374205661726961626C65000097
:109B6800446174612055706461746564207C2000D0
:109B7800203A2000424E4F303535207265616479B5
:109B8800000000006E616E00696E66006F76660008
:109B980000000000000000008521000019220000DC
:109BA8004D1C0000792100007D210000A521000046
:109BB800C12100000000000000000000D5370000AF
:109BC800E9580000E5580000E1580000DD580000A1
:109BD800BD3A0000C13A0000D9580000000000005A
:109BE80000000000793600005D380000E530000014
:109BF8003D32000005310000A93100002D31000080
:109C0800C132000059320000E130000000000000BD
:109C180000000000952D0000A12D0000B92D0000C6
:109C280089250000B52600005526000029250000DA
:109C3800ED240000F92400000000000000000000EE
:109C4800C52B0000D125000005250000E9240000EF
:109C5800CD2A0000092B00000000000000000000D1
:109C6800991C0000C51C00004D1C0000951C00003C
:109C7800511C00005D1C00007D1C000000202020FD
:109C880020202020202028282828282020202020A4
:109C98002020202020202020202020202088101074
:109CA80010101010101010101010101010040404D0
:109CB800040404040404041010101010101041418E
:109CC800414141410101010101010101010101017C
:109CD8000101010101010101101010101010424290
:109CE800424242420202020202020202020202024C
:109CF80002020202020202021010101020000000EC
:109D0800000000000000000000000000000000004B
:109D1800000000000000000000000000000000003B
:109D2800000000000000000000000000000000002B
:109D3800000000000000000000000000000000001B
:109D4800000000000000000000000000000000000B
:109D580000000000000000000000000000000000FB
:109D680000000000000000000000000000000000EB
:109D780000000000000000000000000000000000DB
:109D880000000042C8801F40B8821F400800000041
:109D980000000042C4801F40B4821F40040000003D
:109DA80000C0004224801F4014821F4010000000A1
:109DB80000C0004228801F4018821F402000000079
:109DC80000C000422C801F401C821F404000000041
:109DD80000C0004234801F4024821F400001000060
:109DE8000040004264811F4054831F40000400006B
:109DF8000040004280811F4070831F400000020025
:109E0800004000427C811F406C831F40000001001D
:109E18000040004268811F4058831F40000800002E
:109E2800004000423C811F402C831F40010000007D
:109E38000040004244811F4034831F40040000005A
:109E48000040004240811F4030831F400200000054
:109E58000040004248811F4038831F40080000002E
:109E68000000004204811F40F4821F4000000400EB
:109E78000000004208811F40F8821F4000000800CF
:109E88000000004218811F4008831F400000800026
:109E98000000004214811F4004831F40000040005E
:109EA8000000004200811F40F0821F4000000200B5
:109EB80000000042FC801F40EC821F4000000100AF
:109EC8000000004224811F4014831F40000000044A
:109ED8000000004228811F4018831F40000000082E
:109EE800000000421C811F400C831F40000000013D
:109EF8000000004220811F4010831F400000000224
:109F080000000042EC801F40DC821F40001000006F
:109F180000000042F0801F40E0821F400020000047
:109F28000000004234811F4024831F40000000408D
:109F38000000004238811F4028831F400000008035
:109F48000080004294801F4084821F40000004006B
:109F580000C0004290801F4080821F4000000080A7
:109F680000800042A8801F4098821F4000008000A7
:109F780000800042A4801F4094821F4000004000DF
:109F8800004000426C811F405C831F4000100000AD
:109F980000C0004230801F4020821F408000000027
:109FA80000800042C8811F40B8831F400080000025
:109FB80000800042C4811F40B4831F40004000005D
:109FC80000800042C0811F40B0831F400020000075
:109FD80000800042BC811F40AC831F40001000007D
:109FE80000800042D0811F40C0831F400000020053
:109FF80000800042CC811F40BC831F40000001004C
:10A008004D6F74696F6E204D6F64756C650000004C
:10A018007300000043686167696E6720746F2043AE
:10A028006F6E74726F6C204D6F64650020486561B7
:10A0380064696E673D000000207C2054617267658A
:10A04800743D0000207C204572726F723D00000054
:10A05800207C20436F72723D00000000207C204C61
:10A068003D000000207C20523D000000207C20495B
:10A078003D000000207C204469737428636D293DED
:10A088000000000007080C0B06050F000D0E01026A
:10A09800838407080C0B06050F000D0E010283844C
:10A0A8000101000401000004013201010132020132
:10A0B800011001010111010101120102010302064F
:10A0C800010301060112020202000001020200015E
:10A0D8000201000102100001022200010223000116
:10A0E8000000000000000000022100010220000121
:10A0F80000000000000000000130010101310101F1
:10A108000102000401030004000000000000000038
:10A1180001210201012101010000000000000000EE
:10A12800000000000110020101010201010101010A
:10A138000100020101000101010202010102010105
:10A148000001000060150020120000000006000059
:10A15800701E00600A000000000200000C1E006073
:10A168006200000000070000A81D006062000000F7
:10A17800EE030000A418002012000000000004EE06
:10A188007C1800202800000000030000A41D0060C7
:10A1980000000000010309048C1D0060000000009D
:10A1A80002030904741D0060000000000303090491
:10A1B800CC18002000000000000000000000000093
:10A1C8000000000000000000000000009C250020A6
:10A1D800042600206C26002000000000000000007B
:10A1E8000000000000000000000000000000000067
:10A1F8000000000000000000000000000000000057
:10A208000000000000000000000000000000000046
:10A218000000000000000000000000000000000036
:10A228000000000000000000000000000000000026
:10A238000000000000000000000000000000000016
:10A248000000000000000000000000000000000006
:10A2580000000000000000000000000000000000F6
:10A2680001000000000000000E33CDAB34126DE693
:10A27800ECDE05000B0000000000000000000000FC
:10A2880000000000000000000000000000000000C6
:10A2980000000000000000000000000000000000B6
:10A2A80000000000000000000000000000000000A6
:10A2B8000000000000000000000000000000000096
:10A2C8000000000000000000000000000000000086
:10A2D8000000000000000000000000000000000076
:10A2E80000000000000000000029DE07007B9A172C
:10A2F800720000004C05002000000000E803000088
:10A30800000000007405002000000000E8030000C1
:10A318000000000000001A40B410002000000000F7
:10A32800E4220020A4220020000000000000000019
:10A338002800000040000000280000004000000045
:10A348000000000000000000000000000000000005
:10A3580000000000000000000000000000000000F5
:10A3680000000000F005002000000000E8030000E5
:10A378000000000000003F40241D006000000000B5
:10A3880000000000000000000000000000000000C5
:10A3980000000000000000000000000000000000B5
:10A3A80000000000000000000000000000000000A5
:10A3B8000000000000000000000000000000000095
:10A3C8000000000000000000000000000000000085
:10A3D8000000000000000000000000000000000075
:10A3E8000000000000000000000000000000000065
:10A3F8000000000000000000000000000000000055
:10A408000000000000000000000000000000000044
:10A418000000000000000000000000000000000034
:10A428000000000000000000000000000000000024
:10A438000000000000000000000000000000000014
:10A448000000000000000000000000000000000004
:10A4580000000000000000000000000000000000F4
:10A4680000000000000000000000000000000000E4
:10A4780000000000000000000000000000000000D4
:10A4880000000000000000000000000000000000C4
:10A4980000000000000000000000000000000000B4
:10A4A80000000000F005002000000000E8030000A4
:10A4B8000000000000803F40D41C00600000000045
:10A4C8000000000000000000000000000000000084
:10A4D8000000000000000000000000000000000074
:10A4E8000000000000000000000000000000000064
:10A4F8000000000000000000000000000000000054
:10A508000000000000000000000000000000000043
:10A518000000000000000000000000000000000033
:10A528000000000000000000000000000000000023
:10A538000000000000000000000000000000000013
:10A548000000000000000000000000000000000003
:10A5580000000000000000000000000000000000F3
:10A5680000000000000000000000000000000000E3
:10A5780000000000000000000000000000000000D3
:10A5880000000000000000000000000000000000C3
:10A5980000000000000000000000000000000000B3
:10A5A80000000000000000000000000000000000A3
:10A5B8000000000000000000000000000000000093
:10A5C8000000000000000000000000000000000083
:10A5D8000000000000000000000000000000000073
:10A5E80000000000F005002000000000E803000063
:10A5F8000000000000C03F40841C00600000000014
:10A608000000000000000000000000000000000042
:10A618000000000000000000000000000000000032
:10A628000000000000000000000000000000000022
:10A638000000000000000000000000000000000012
:10A648000000000000000000000000000000000002
:10A6580000000000000000000000000000000000F2
:10A6680000000000000000000000000000000000E2
:10A6780000000000000000000000000000000000D2
:10A6880000000000000000000000000000000000C2
:10A6980000000000000000000000000000000000B2
:10A6A80000000000000000000000000000000000A2
:10A6B8000000000000000000000000000000000092
:10A6C8000000000000000000000000000000000082
:10A6D8000000000000000000000000000000000072
:10A6E8000000000000000000000000000000000062
:10A6F8000000000000000000000000000000000052
:10A708000000000000000000000000000000000041
:10A718000000000000000000000000000000000031
:10A7280000000000041B0000C93700000000000002
:10A7380080C00F4000C000001500000002000000AB
:10A7480060851F4001000000260000000200000094
:10A7580060851F4000000000140000000200000097
:10A7680064851F400100000027000000020000006F
:10A7780064851F40000000002302400026001800E6
:10A788007E000000602500208030202000000000AE
:10A79800000000000000000020110020201100200F
:10A7A800281100202811002030110020301100202D
:10A7B80038110020381100204011002040110020DD
:10A7C800481100204811002050110020501100208D
:10A7D800581100205811002060110020601100203D
:10A7E80068110020681100207011002070110020ED
:10A7F800781100207811002080110020801100209D
:10A80800881100208811002090110020901100204C
:10A818009811002098110020A0110020A0110020FC
:10A82800A8110020A8110020B0110020B0110020AC
:10A83800B8110020B8110020C0110020C01100205C
:10A84800C8110020C8110020D0110020D01100200C
:10A85800D8110020D8110020E0110020E0110020BC
:10A86800E8110020E8110020F0110020F01100206C
:10A87800F8110020F811002000120020001200201A
:10A8880008120020081200201012002010120020C8
:10A898001812002018120020201200202012002078
:10A8A8002812002028120020301200203012002028
:10A8B80038120020381200204012002040120020D8
:10A8C8004812002048120020501200205012002088
:10A8D8005812002058120020601200206012002038
:10A8E80068120020681200207012002070120020E8
:10A8F8007812002078120020801200208012002098
:10A908008812002088120020901200209012002047
:10A918009812002098120020A0120020A0120020F7
:10A92800A8120020A8120020B0120020B0120020A7
:10A93800B8120020B8120020C0120020C012002057
:10A94800C8120020C8120020D0120020D012002007
:10A95800D8120020D8120020E0120020E0120020B7
:10A96800E8120020E8120020F0120020F012002067
:10A97800F8120020F8120020001300200013002015
:10A9880008130020081300201013002010130020C3
:10A998001813002018130020201300202013002073
:10A9A8002813002028130020301300203013002023
:10A9B80038130020381300204013002040130020D3
:10A9C8004813002048130020501300205013002083
:10A9D8005813002058130020601300206013002033
:10A9E80068130020681300207013002070130020E3
:10A9F8007813002078130020801300208013002093
:10AA08008813002088130020901300209013002042
:10AA18009813002098130020A0130020A0130020F2
:10AA2800A8130020A8130020B0130020B0130020A2
:10AA3800B8130020B8130020C0130020C013002052
:10AA4800C8130020C8130020D0130020D013002002
:10AA5800D8130020D8130020E0130020E0130020B2
:10AA6800E8130020E8130020F0130020F013002062
:10AA7800F8130020F8130020001400200014002010
:10AA880008140020081400201014002010140020BE
:10AA9800181400201814002020140020201400206E
:10AAA800281400202814002030140020301400201E
:10AAB80038140020381400204014002040140020CE
:10AAC800481400204814002050140020501400207E
:10AAD800581400205814002060140020601400202E
:10AAE80068140020681400207014002070140020DE
:10AAF800781400207814002080140020801400208E
:10AB0800881400208814002090140020901400203D
:10AB18009814002098140020A0140020A0140020ED
:10AB2800A8140020A8140020B0140020B01400209D
:10AB3800B8140020B8140020C0140020C01400204D
:10AB4800C8140020C8140020D0140020D0140020FD
:10AB5800D8140020D8140020E0140020E0140020AD
:10AB6800E8140020E8140020F0140020F01400205D
:10AB7800F8140020F814002000150020001500200B
:10AB880008150020081500201015002010150020B9
:10AB98001815002018150020FFFFFFFF0000020015
:10ABA800580B00200C000000040000000E000000FC
:10ABB80006000000080000000A0000000200000073
:10ABC8001600000014000000120000001000000031
:10ABD80012010002EF020140C0168304790201024B
:10ABE8000301000016000000140000000700000028
:10ABF80005000000080000000400000070C00F40BD
:10AC0800C00000001200000013000000D0841F40A4
:10AC1800010000001300000013000000CC841F4056
:10AC2800010000000000000000000000000000001B
:10AC3800000000000000000000000000000000000C
:10AC480000000000000000001C00000070C00F4061
:10AC5800000C00001100000011000000E0841F40FB
:10AC6800020000001000000011000000DC841F40FA
:10AC78000200000001000000240000001200000093
:10AC8800E0841F40010000002500000012000000C1
:10AC9800DC841F40010000001E00000080C00F403F
:10ACA800000000031900000010000000E8841F40A5
:10ACB800010000001800000010000000E4841F409C
:10ACC800010000000000000000000000000000007B
:10ACD800000000000000000000000000000000006C
:10ACE80000000000000000001F000000C147000035
:10ACF800C1470000C1470000C1470000C14700002C
:10AD0800C1470000C1470000C1470000C14700001B
:10AD1800C1470000C1470000C1470000C14700000B
:10AD2800C1470000C1470000C1470000C1470000FB
:10AD3800C1470000C1470000C1470000C1470000EB
:10AD4800C1470000C1470000C1470000C1470000DB
:10AD5800C1470000C1470000C1470000C1470000CB
:10AD6800C1470000C1470000C1470000C1470000BB
:10AD7800C1470000C1470000C1470000C1470000AB
:10AD8800C1470000C1470000C1470000C14700009B
:10AD9800C1470000C1470000C1470000C14700008B
:10ADA800C1470000C1470000C1470000C14700007B
:10ADB800C1470000C1470000C1470000C14700006B
:10ADC800C1470000C1470000C1470000C14700005B
:10ADD800C1470000C1470000C1470000C14700004B
:10ADE800C1470000C1470000C1470000C14700003B
:10ADF800C1470000C1470000C1470000C14700002B
:10AE0800C1470000C1470000C1470000C14700001A
:10AE1800C1470000C1470000C1470000C14700000A
:10AE2800C1470000C1470000C1470000C1470000FA
:10AE3800C1470000C1470000C1470000C1470000EA
:10AE4800C1470000C1470000C1470000C1470000DA
:10AE5800C1470000C1470000C1470000C1470000CA
:10AE6800C1470000C1470000C1470000C1470000BA
:10AE7800C1470000C1470000C1470000C1470000AA
:10AE8800C1470000C1470000C1470000C14700009A
:10AE9800C1470000C1470000C1470000C14700008A
:10AEA800C1470000C1470000C1470000C14700007A
:10AEB800C1470000C1470000C1470000C14700006A
:10AEC800C1470000C1470000C1470000C14700005A
:10AED800C1470000C1470000C1470000C14700004A
:10AEE800C1470000C1470000C1470000280000001A
:10AEF80000010400010000000000000002015749A1
:10AF08004E55534200000000000000000000000001
:10AF18000000000012034D005300460054003100A9
:10AF280030003000F80000000F000000170000009B
:10AF38000E0000000000C84200007A440C03000024
:10AF480000000000000000000000000000000000F9
:10AF580000000800000000000000000000000000E1
:10AF680000000000000000000000000000000000D9
:10AF780000000000000000000000000000000000C9
:10AF880000000000000000000000000000000000B9
:10AF980000000000000000000000000000000000A9
:10AFA8000000000000000000000000000000000099
:10AFB8000000000000000000000000000000000089
:10AFC8000000000000000000000000000000000079
:10AFD8000000000000000000000000000000000069
:10AFE8000000000000000000000000000000000059
:10AFF8000000000000000000000000000000000049
:10B008000000000000000000000000000000000038
:10B018000000000000000000000000000000000028
:10B028000000000000000000000000000000000018
:10B038000000000000000000000000000000000008
:10B0480000000000000000000000000000000000F8
:10B0580000000000000000000000000000000000E8
:10B0680000000000000000000000000000000000D8
:10B0780000000000000000000000000000000000C8
:10B0880000000000000000000000000000000000B8
:10B0980000000000000000000000000000000000A8
:10B0A8000000000000000000000000000000000098
:10B0B8000000000000000000000000000000000088
:10B0C8000000000000000000000000000000000078
:10B0D8000000000000000000000000000000000068
:10B0E8000000000000000000000000000000000058
:10B0F8000000000000000000000000000000000048
:10B108000000000000000000000000000000000037
:10B118000000000000000000000000000000000027
:10B128000000000000000000000000000000000017
:10B138000000000000000000000000000000000007
:10B1480000000000000000000000000000000000F7
:10B1580000000000000000000000000000000000E7
:10B1680000000000000000000000000000000000D7
:10B1780000000000000000000000000000000000C7
:10B1880000000000000000000000000000000000B7
:10B1980000000000000000000000000000000000A7
:10B1A8000000000000000000000000000000000097
:10B1B8000000000000000000000000000000000087
:10B1C8000000000000000000000000000000000077
:10B1D8000000000000000000000000000000000067
:10B1E8000000000000000000000000000000000057
:10B1F8000000000000000000000000000000000047
:10B208000000000000000000000000000000000036
:10B218000000000000000000000000000000000026
:10B228000000000000000000000000000000000016
:10B238000000000000000000000000000000000006
:10B2480000000000000000000000000000000000F6
:10B2580000000000000000000000000000000000E6
:10B2680000000000000000000000000000000000D6
:10B2780000000000000000000000000000000000C6
:10B2880000000000000000000000000000000000B6
:10B2980000000000000000000000000000000000A6
:10B2A8000000000000000000000000000000000096
:10B2B8000000000000000000000000000000000086
:10B2C8000000000000000000000000000000000076
:10B2D8000000000000000000000000000000000066
:10B2E8000000000000000000000000000000000056
:10B2F8000000000000000000000000000000000046
:10B308000000000000000000000000000000000035
:10B318000000000000000000000000000000000025
:10B328000000000000000000000000000000000015
:10B338000000000000000000000000000000000005
:10B3480000000000000000000000000000000000F5
:10B3580000000000000000000000000000000000E5
:10B3680000000000000000000000000000000000D5
:10B3780000000000000000000000000000000000C5
:10B3880000000000000000000000000000000000B5
:10B3980000000000000000000000000000000000A5
:10B3A8000000000000000000000000000000000095
:10B3B8000000000000000000000000000000000085
:10B3C8000000000000000000000000000000000075
:10B3D8000000000000000000000000000000000065
:10B3E8000000000000000000000000000000000055
:10B3F8000000000000000000000000000000000045
:10B408000000000000000000000000000000000034
:10B418000000000000000000000000000000000024
:10B428000000000000000000000000000000000014
:10B438000000000000000000000000000000000004
:10B4480000000000000000000000000000000000F4
:10B4580000000000000000000000000000000000E4
:10B4680000000000000000000000000000000000D4
:10B4780000000000000000000000000000000000C4
:10B4880000000000000000000000000000000000B4
:10B4980000000000000000000000000000000000A4
:10B4A8000000000000000000000000000000000094
:10B4B8000000000000000000000000000000000084
:10B4C8000000000000000000000000000000000074
:10B4D8000000000000000000000000000000000064
:10B4E8000000000000000000000000000000000054
:10B4F8000000000000000000000000000000000044
:10B508000000000000000000000000000000000033
:10B518000000000000000000000000000000000023
:10B528000000000000000000000000000000000013
:10B53800FFFFFFFFFFFFFFFFFFFFFFFFFFFFFFFF13
:10B54800FFFFFFFFFFFFFFFFFFFFFFFFFFFFFFFF03
:10B55800FFFFFFFFFFFFFFFFFFFFFFFFFFFFFFFFF3
:10B56800FFFFFFFFFFFFFFFFFFFFFFFFFFFFFFFFE3
:10B57800FFFFFFFFFFFFFFFFFFFFFFFFFFFFFFFFD3
:10B58800FFFFFFFFFFFFFFFFFFFFFFFFFFFFFFFFC3
:10B59800FFFFFFFFFFFFFFFFFFFFFFFFFFFFFFFFB3
:10B5A800FFFFFFFFFFFFFFFFFFFFFFFFFFFFFFFFA3
:10B5B800FFFFFFFFFFFFFFFFFFFFFFFFFFFFFFFF93
:10B5C800FFFFFFFFFFFFFFFFFFFFFFFFFFFFFFFF83
:10B5D800FFFFFFFFFFFFFFFFFFFFFFFFFFFFFFFF73
:10B5E800FFFFFFFFFFFFFFFFFFFFFFFFFFFFFFFF63
:10B5F800FFFFFFFFFFFFFFFFFFFFFFFFFFFFFFFF53
:10B60800FFFFFFFFFFFFFFFFFFFFFFFFFFFFFFFF42
:10B61800FFFFFFFFFFFFFFFFFFFFFFFFFFFFFFFF32
:10B62800FFFFFFFFFFFFFFFFFFFFFFFFFFFFFFFF22
:10B63800FFFFFFFFFFFFFFFFFFFFFFFFFFFFFFFF12
:10B64800FFFFFFFFFFFFFFFFFFFFFFFFFFFFFFFF02
:10B65800FFFFFFFFFFFFFFFFFFFFFFFFFFFFFFFFF2
:10B66800FFFFFFFFFFFFFFFFFFFFFFFFFFFFFFFFE2
:10B67800FFFFFFFFFFFFFFFFFFFFFFFFFFFFFFFFD2
:10B68800FFFFFFFFFFFFFFFFFFFFFFFFFFFFFFFFC2
:10B69800FFFFFFFFFFFFFFFFFFFFFFFFFFFFFFFFB2
:10B6A800FFFFFFFFFFFFFFFFFFFFFFFFFFFFFFFFA2
:10B6B800FFFFFFFFFFFFFFFFFFFFFFFFFFFFFFFF92
:10B6C800FFFFFFFFFFFFFFFFFFFFFFFFFFFFFFFF82
:10B6D800FFFFFFFFFFFFFFFFFFFFFFFFFFFFFFFF72
:10B6E800FFFFFFFFFFFFFFFFFFFFFFFFFFFFFFFF62
:10B6F800FFFFFFFFFFFFFFFFFFFFFFFFFFFFFFFF52
:10B70800FFFFFFFFFFFFFFFFFFFFFFFFFFFFFFFF41
:10B71800FFFFFFFFFFFFFFFFFFFFFFFFFFFFFFFF31
:10B72800FFFFFFFFFFFFFFFFFFFFFFFFFFFFFFFF21
:10B73800FFFFFFFFFFFFFFFFFFFFFFFFFFFFFFFF11
:10B74800FFFFFFFFFFFFFFFFFFFFFFFFFFFFFFFF01
:10B75800FFFFFFFFFFFFFFFFFFFFFFFFFFFFFFFFF1
:10B76800FFFFFFFFFFFFFFFFFFFFFFFFFFFFFFFFE1
:10B77800FFFFFFFFFFFFFFFFFFFFFFFFFFFFFFFFD1
:10B78800FFFFFFFFFFFFFFFFFFFFFFFFFFFFFFFFC1
:10B79800FFFFFFFFFFFFFFFFFFFFFFFFFFFFFFFFB1
:10B7A800FFFFFFFFFFFFFFFFFFFFFFFFFFFFFFFFA1
:10B7B800FFFFFFFFFFFFFFFFFFFFFFFFFFFFFFFF91
:10B7C800FFFFFFFFFFFFFFFFFFFFFFFFFFFFFFFF81
:10B7D800FFFFFFFFFFFFFFFFFFFFFFFFFFFFFFFF71
:10B7E800FFFFFFFFFFFFFFFFFFFFFFFFFFFFFFFF61
:10B7F800FFFFFFFFFFFFFFFF000000000000000049
:10B808000000000000000000000000000000000030
:10B818000000000000000000000000000000000020
:10B828000000000000000000000000000000000010
:10B838000000000000000000000000000000000000
:10B8480000000000000000000000000000000000F0
:10B8580000000000000000000000000000000000E0
:10B8680000000000000000000000000000000000D0
:10B8780000000000000000000000000000000000C0
:10B8880000000000000000000000000000000000B0
:10B8980000000000000000000000000000000000A0
:10B8A8000000000000000000000000000000000090
:10B8B8000000000000000000000000000000000080
:10B8C8000000000000000000000000000000000070
:10B8D8000000000000000000000000000000000060
:10B8E8000000000000000000000000000000000050
:10B8F8000000000000000000000000000000000040
:10B90800000000000000000000000000000000002F
:10B91800000000000000000000000000000000001F
:10B92800000000000000000000000000000000000F
:10B9380000000000000000000000000000000000FF
:10B9480000000000000000000000000000000000EF
:10B9580000000000000000000000000000000000DF
:10B9680000000000000000000000000000000000CF
:10B9780000000000000000000000000000000000BF
:10B9880000000000000000000000000000000000AF
:10B99800000000000000000000000000000000009F
:10B9A800000000000000000000000000000000008F
:10B9B800000000000000000000000000000000007F
:10B9C800000000000000000000000000000000006F
:10B9D800000000000000000000000000000000005F
:10B9E800000000000000000000000000000000004F
:10B9F800000000000000000000000000000000003F
:10BA0800000000000000000000000000000000002E
:10BA1800000000000000000000000000000000001E
:10BA2800000000000000000000000000000000000E
:10BA380000000000000000000000000000000000FE
:10BA480000000000000000000000000000000000EE
:10BA580000000000000000000000000000000000DE
:10BA680000000000000000000000000000000000CE
:10BA780000000000000000000000000000000000BE
:10BA880000000000000000000000000000000000AE
:10BA9800000000000000000000000000000000009E
:10BAA800000000000000000000000000000000008E
:10BAB800000000000000000000000000000000007E
:10BAC800000000000000000000000000000000006E
:10BAD800000000000000000000000000000000005E
:10BAE800000000000000000000000000000000004E
:10BAF800000000000000000000000000000000003E
:10BB0800000000000000000000000000000000002D
:10BB1800000000000000000000000000000000001D
:10BB2800000000000000000000000000000000000D
:10BB380000000000000000000000000000000000FD
:10BB480000000000000000000000000000000000ED
:10BB580000000000000000000000000000000000DD
:10BB680000000000000000000000000000000000CD
:10BB780000000000000000000000000000000000BD
:10BB880000000000000000000000000000000000AD
:10BB9800000000000000000000000000000000009D
:10BBA800000000000000000000000000000000008D
:10BBB800000000000000000000000000000000007D
:10BBC800000000000000000000000000000000006D
:10BBD800000000000000000000000000000000005D
:10BBE800000000000000000000000000000000004D
:10BBF800000000000000000000000000000000003D
:10BC0800000000000000000000000000000000002C
:10BC1800000000000000000000000000000000001C
:10BC2800000000000000000000000000000000000C
:10BC380000000000000000000000000000000000FC
:10BC480000000000000000000000000000000000EC
:10BC580000000000000000000000000000000000DC
:10BC680000000000000000000000000000000000CC
:10BC780000000000000000000000000000000000BC
:10BC880000000000000000000000000000000000AC
:10BC9800000000000000000000000000000000009C
:10BCA800000000000000000000000000000000008C
:10BCB800000000000000000000000000000000007C
:10BCC800000000000000000000000000000000006C
:10BCD800000000000000000000000000000000005C
:10BCE800000000000000000000000000000000004C
:10BCF800000000000000000000000000000000003C
:10BD0800000000000000000000000000000000002B
:10BD1800000000000000000000000000000000001B
:10BD2800000000000000000000000000000000000B
:10BD380000000000000000000000000000000000FB
:10BD480000000000000000000000000000000000EB
:10BD580000000000000000000000000000000000DB
:10BD680000000000000000000000000000000000CB
:10BD780000000000000000000000000000000000BB
:10BD880000000000000000000000000000000000AB
:10BD9800000000000000000000000000000000009B
:10BDA800000000000000000000000000000000008B
:10BDB800000000000000000000000000000000007B
:10BDC800000000000000000000000000000000006B
:10BDD800000000000000000000000000000000005B
:10BDE800000000000000000000000000000000004B
:10BDF800000000000000000000000000000000003B
:10BE0800000000000000000000000000000000002A
:10BE1800000000000000000000000000000000001A
:10BE2800000000000000000000000000000000000A
:10BE380000000000000000000000000000000000FA
:10BE480000000000000000000000000000000000EA
:10BE580000000000000000000000000000000000DA
:10BE680000000000000000000000000000000000CA
:10BE780000000000000000000000000000000000BA
:10BE880000000000000000000000000000000000AA
:10BE9800000000000000000000000000000000009A
:10BEA800000000000000000000000000000000008A
:10BEB800000000000000000000000000000000007A
:10BEC800000000000000000000000000000000006A
:10BED800000000000000000000000000000000005A
:10BEE800000000000000000000000000000000004A
:10BEF800000000000000000000000000000000003A
:10BF08000000000000000000000000000000000029
:10BF18000000000000000000000000000000000019
:10BF28000000000000000000000000000000000009
:10BF380000000000000000000000000000000000F9
:10BF480000000000000000000000000000000000E9
:10BF580000000000000000000000000000000000D9
:10BF680000000000000000000000000000000000C9
:10BF780000000000000000000000000000000000B9
:10BF880000000000000000000000000000000000A9
:10BF98000000000000000000000000000000000099
:10BFA8000000000000000000000000000000000089
:10BFB8000000000000000000000000000000000079
:10BFC8000000000000000000000000000000000069
:10BFD8000000000000000000000000000000000059
:10BFE8000000000000000000000000000000000049
:10BFF8000000000000000000000000000000000039
:10C008000000000000000000000000000000000028
:10C018000000000000000000000000000000000018
:10C028000000000000000000000000000000000008
:10C0380000000000000000000000000000000000F8
:10C0480000000000000000000000000000000000E8
:10C0580000000000000000000000000000000000D8
:10C0680000000000000000000000000000000000C8
:10C0780000000000000000000000000000000000B8
:10C0880000000000000000000000000000000000A8
:10C098000000000000000000000000000000000098
:10C0A8000000000000000000000000000000000088
:10C0B8000000000000000000000000000000000078
:10C0C8000000000000000000000000000000000068
:10C0D8000000000000000000000000000000000058
:10C0E8000000000000000000000000000000000048
:10C0F8000000000000000000000000000000000038
:10C108000000000000000000000000000000000027
:10C118000000000000000000000000000000000017
:10C128000000000000000000000000000000000007
:10C1380000000000000000000000000000000000F7
:10C1480000000000000000000000000000000000E7
:10C1580000000000000000000000000000000000D7
:10C1680000000000000000000000000000000000C7
:10C1780000000000000000000000000000000000B7
:10C1880000000000000000000000000000000000A7
:10C198000000000000000000000000000000000097
:10C1A8000000000000000000000000000000000087
:10C1B8000000000000000000000000000000000077
:10C1C8000000000000000000000000000000000067
:10C1D8000000000000000000000000000000000057
:10C1E8000000000000000000000000000000000047
:10C1F8000000000000000000000000000000000037
:10C208000000000000000000000000000000000026
:10C218000000000000000000000000000000000016
:10C228000000000000000000000000000000000006
:10C2380000000000000000000000000000000000F6
:10C2480000000000000000000000000000000000E6
:10C2580000000000000000000000000000000000D6
:10C2680000000000000000000000000000000000C6
:10C2780000000000000000000000000000000000B6
:10C2880000000000000000000000000000000000A6
:10C298000000000000000000000000000000000096
:10C2A8000000000000000000000000000000000086
:10C2B8000000000000000000000000000000000076
:10C2C8000000000000000000000000000000000066
:10C2D8000000000000000000000000000000000056
:10C2E8000000000000000000000000000000000046
:10C2F8000000000000000000000000000000000036
:10C308000000000000000000000000000000000025
:10C318000000000000000000000000000000000015
:10C328000000000000000000000000000000000005
:10C3380000000000000000000000000000000000F5
:10C3480000000000000000000000000000000000E5
:10C3580000000000000000000000000000000000D5
:10C3680000000000000000000000000000000000C5
:10C3780000000000000000000000000000000000B5
:10C3880000000000000000000000000000000000A5
:10C398000000000000000000000000000000000095
:10C3A8000000000000000000000000000000000085
:10C3B8000000000000000000000000000000000075
:10C3C8000000000000000000000000000000000065
:10C3D8000000000000000000000000000000000055
:10C3E8000000000000000000000000000000000045
:08C3F80000000000000000003D
:040000056000100087
:00000001FF
